"","category","rank","title","writer","article"
"1","많이 본(종합)","1","극심한 가뭄에..이라크 저수지 아래 '고대 궁전' 유적지 발견","서울신문","이라크 북부 쿠르드족 자치구에 있는 한 저수지에서 약 3400년 된 궁전의 유적지가 발견됐다고 CNN 등 외신이 보도했다. 극심한 가뭄 탓에 저수지 수위가 낮아져.."
"2","많이 본(종합)","2","""文대통령 아들 특혜채용 수사자료 공개""판결 불복, 檢 상고","뉴스1","검찰이 문재인 대통령 아들 준용씨의 특혜채용 의혹과 관련해 개인정보를 제외한 수사자료는 공개해도 된다는 항소심 판결에 불복해 상고했다. 3일 법원에 따르면 검찰.."
"3","많이 본(종합)","3","고유정, 범행 장면 사진으로 남겼다..촬영 이유엔 묵묵부답","연합뉴스","'제주 전남편 살해 사건'의 피의자 고유정(36·구속)이 자신의 범행을 사진으로 남긴 것으로 확인됐다. 제주지검은 3일 오전 열린 기자간담회에서 고씨가 지난 5.."
"4","많이 본(종합)","4","하이패스 204차례 무단통과 운전자 죄목은 편의시설 부정이용죄","연합뉴스","하이패스 전용차로를 200차례 넘게 무단통과해 통행료를 내지 않은 혐의로 재판에 넘겨진 운전자가 1심에서는 무죄, 2심에서는 유죄를 선고받았다. 하이패스 무단통.."
"5","많이 본(종합)","5","트럼프, 박세리에게 ""왜 미국 선수들이 한국 선수들보다 못하냐""","연합뉴스","'한국 골프의 선구자'인 박세리(42) 여자골프 대표팀 감독이 도널드 트럼프 미국 대통령과 만나 골프를 주제로 나눈 대화 내용을 소개했다. 박세리 감독은 3일 .."
"6","많이 본(종합)","6","'아베 경제보복'에 애플·소니·화웨이가 긴장한 이유","머니투데이","아베 신조 일본 정부가 '징용 판결' 관련 한국에 반도체 핵심소재 수출을 제한하는 경제보복에 나서면서 세계 공급망이 충격을 받을 수 있다는 우려가 커지고 있다. .."
"7","많이 본(종합)","7","'9회말 2사 후 뒤집기' LAD, 5연속 볼넷으로 끝내기 승리[현장 리뷰]","OSEN","로스앤젤레스(미 캘리포니아주), 조형래 기자] LA 다저스가 올스타 휴식기 전 마지막 홈 6연전 첫 경기를 짜릿한 끝내기로 장식했다. 다저스는 3일(이하 한국시간.."
"8","많이 본(종합)","8","정부 ""北목선사건, 경계실패""..합참의장 경고·8군단장 보직해임(종합)","연합뉴스","정부는 북한 소형목선의 '삼척항 입항' 사건 관련, 관련 군부대들의 경계근무태세 등에서 문제점이 발견됐다고 밝혔다. 이와 관련, 국방부는 박한기 합참의장 등에 .."
"9","많이 본(종합)","9","[단독] ""딸 연예인 시켜준다더니""..A씨, 박상민 사기혐의 고소-각서공개","스포츠조선","가수 박상민이 사기혐의로 피소 당했다. A씨는 박상민을 상대로 민형사상 고소를 진행 중이다. A씨는 10년 전 박상민이 딸을 연예인으로 만들어주겠다고 약속해 자.."
"10","많이 본(종합)","10","[단독] 박상민 ""각서 속 인감, 잃어버린 도장..사기 당한 사람은 나""(인터뷰)","엑스포츠뉴스","가수 박상민이 4억대 민사 소송에 휘말린 것에 대해 직접 반박했다. 지난 2일, A씨는 박상민에게 사기를 당해 민사와 형사 고소를 진행 중이라고 다수 매체에 제.."
"11","많이 본(종합)","11","장마 시즌인데 비 대신 폭염만..장마 왜 힘 못 쓰나","중앙일보","지난달 말부터 장마 시즌이 시작됐지만 장마 전선이 일본에 장기간 머무르면서 10일까지는 장맛비다운 비가 내리지 않을 것으로 예상된다. 대신 30도를 웃도는 폭염이.."
"12","많이 본(종합)","12","경찰, 오산 백골시신 공개수사..15∼17세 남성 추정","연합뉴스","경기도 오산의 한 야산에서 백골 상태의 시신이 발견된 사건을 수사 중인 경찰이 시신의 신원을 밝히고자 제보 전단을 제작해 배포했다. 3일 경기남부지방경찰청 광역.."
"13","많이 본(종합)","13","""새벽 첫차 탔더니 버스기사에게 술 냄새""..면허취소 수준","뉴스1","경찰이 새벽 시간에 만취 상태로 버스를 운행한 운전기사를 적발했다. 또 해당 운수업체를 행정처분할 것을 서울시에 통보했다. 서울 강남경찰서는 만취 상태에서 서울.."
"14","많이 본(종합)","14","비건 ""北WMD 완전동결 원해..제재해제 대신 인도지원·관계개선""(종합)","연합뉴스","스티븐 비건 미국 국무부 대북특별대표가 북한과 비핵화 협상을 하는 동안 북한 대량살상무기(WMD)의 ""완전한 동결""(complete freeze)을 원한다고 밝.."
"15","많이 본(종합)","15","방치된 알, 앞발 잘린 곰.. 퓨마 사살 1년, 동물원은 아직도","오마이뉴스","'동물을 대하는 태도에서 그 나라의 수준이 보인다.' 마하트마 간디의 명언은 '사람들이 사회에서 가장 홀대받기 쉬운 상태에 놓인 동물을 대하는 방식이 그 사회의.."
"16","많이 본(종합)","16","제주 제2공항 예정지 멸종위기종 1급 '비바리뱀' 서식","파이낸셜뉴스","국토교통부]    [제주=좌승훈 기자] 국토교통부가 시행한 제주 제2공항 전략환경영향평가 결과, 계획지구 주변에 비바리뱀(Sibynophis collaris)을 .."
"17","많이 본(종합)","17","[단독] 최강희, 상하이선화서 키케 대체할 유력 후보로 부상","풋볼리스트","류청 기자= 최강희 감독이 바로 새 둥지를 찾을 가능성이 커졌다. 중국 상하이선화 구단 내부 소식에 능통한 복수 관계자는 ""3일 상하이선화 구단이 키케 플로레스.."
"18","많이 본(종합)","18","김정은, 북미정상 판문점 만남 직후 文대통령에 ""고맙다"" 전해(종합)","연합뉴스","김정은 북한 국무위원장이 '6·30 판문점 남북미 회동' 당시 도널드 트럼프 미국 대통령과 군사분계선(MDL)을 넘어갔다가 남측으로 건너온 뒤 문재인 대통령에게.."
"19","많이 본(종합)","19","양승태 구속만료 앞둔 검찰 ""추가기소 없어..진행 재판부 책임""","뉴스1","검찰이 다음 달 1차 구속기간이 만료되는 양승태 전 대법원장(71·사법연수원 2기)에 대해 ""현재 추가기소를 검토하고 있지는 않다""고 밝혔다. 검찰 관계자는 3.."
"20","많이 본(종합)","20","태국 SNS서 '노점서 아내 돕는 독일 남편' 떴다가..수배 드러나","연합뉴스","태국 SNS상에서 '노점에서 아내를 돕는 이방인'으로 네티즌들의 칭찬을 받았던 30대 독일 남성이 각종 범죄 혐의로 경찰 수배를 받고 있던 것으로 뒤늦게 드러나.."
"21","많이 본(종합)","21","다정히 셀카 찍는 박연경-배지현 아나운서 [사진]","OSEN","로스앤젤레스(미 캘리포니아주), 이동해 기자] 3일 (한국시간) 미국 캘리포니아주 로스앤젤레스 다저 스타디움에서 2019 메이저리그 LA다저스와 애리조나 다이아몬.."
"22","많이 본(종합)","22","한일관계 브레이크 걸렸지만..일본차 판매량은 '급가속'","중앙일보","━한국 시장에서 독야청청 잘 팔리는 일본차 일본의 반도체 핵심 소재 수출 제한으로 한일관계가 급랭하는 상황에서 국내 소비자가 지난달 일본차 구매를 크게 늘린 것으.."
"23","많이 본(종합)","23","박용만 ""일본의 치밀한 보복작전에 우리는 서로 비난하기 바빠""","연합뉴스","박용만 대한상공회의소 회장이 3일 최근 미중 통상전쟁과 일본의 반도체·디스플레이 소재 수출규제 등과 관련, 정부와 정치권을 겨냥해 '쓴소리'를 내놨다. 박 회장.."
"24","많이 본(종합)","24","韓 비자제한 고려에 ""日 노선 많은데..LCC 어쩌나""","머니투데이","""저가항공 죽는구나. 일본노선 많은데…(제주항공 종목토론방)"" 일본 정부가 반도체 소재 3개 품목의 대 한국 수출규제 조처에 이어 비자 발급 엄격화 등에 나설 수.."
"25","많이 본(종합)","25","최첨단 스파이 잠수함서 화재.. 망신살 뻗친 러시아","문화일보","가스폭발로 승무원14명 사망러 언론 “核잠수함 ‘로샤리크’해저통신망 파괴 등 특수전用” 러시아의 핵추진 잠수함으로 전 세계에서 스파이 활동을 해온 것으로 추정되는.."
"26","많이 본(종합)","26","[Y피플] '유퀴즈2', 이래서 아직도 유재석 유재석 하는가 봅니다","YTN","유재석이 빛나는 소통력으로 '국민MC'의 품격을 재입증 하고 있다. 최근 tvN '유 퀴즈 온 더 블럭 시즌2'(이하 '유퀴즈2')가 소소하지만 웃음과 감동이 있.."
"27","많이 본(종합)","27","국가 폐암검진 논란..""가짜환자 양산"" vs ""조기발견 효과""(종합)","연합뉴스","이달부터 국가암검진으로 시행되는 폐암검진이 불필요한 검사와 수술을 야기해 오히려 국민 건강을 해칠 수 있다는 주장이 의료계 일각에서 나왔다. 이정권 성균관의대 .."
"28","많이 본(종합)","28","황교안 '1등' 내주자 솔솔 나오는 '반기문 평행이론', 과연?","헤럴드경제","'부동의 대선주자'라는 평을 받아온 황교안 자유한국당 대표가 결국 반기문 전 유엔 사무총장과 비슷한 길을 걷는 것 아니냐는 말이 돌고 있다. 제1 야당 대표로 .."
"29","많이 본(종합)","29","[단독] 고유정, 물티슈 뒷면에 '졸피뎀 라벨' 숨겨둬..경찰은 놓쳤다","국민일보","‘제주 전 남편 살인 사건’ 피의자 고유정(36)이 범행을 위해 구입한 뒤 숨겨둔 것으로 추정되는 졸피뎀 처방전 라벨이 뒤늦게 발견됐다. 경찰은 고유정이 현 남편.."
"30","많이 본(종합)","30","'아침마당' 허미라 ""아들 못 낳아 이혼당해, 노래 부르며 돈 벌었다""","스포츠투데이","'아침마당' 허미라가 안타까운 사연을 고백했다. 3일 방송된 KBS1 '아침마당'의 '도전 꿈의 무대'코너에서는 현진 허미라 조기흠 최귀종 황선아가 출연해 무대.."
"31","많이 본(종합)","31","SON 넘은 나카지마, 포르투의 '159억 제안' 거절","스포탈코리아","이현민 기자= 포르투갈 명문 FC포르투가 일본 공격수 나카지마 쇼야(24, 알 두하일) 영입에 열을 올리고 있다. 나카지마는 지난 2월 포르투갈 프로티모넨세에서.."
"32","많이 본(종합)","32","文대통령 ""남북동질성 회복해 하나되는 데 기독교계 앞장서달라""","연합뉴스","문재인 대통령은 3일 한국교회 주요 교단장들을 향해 ""평화를 만들어 내고 남북간 동질성을 회복해 다시 하나가 되는 과정에 기독교계가 앞장서달라""라고 당부했다. .."
"33","많이 본(종합)","33","[단독] 서현진 전 아나 ""임신 5개월..늦은 나이 걱정됐는데 감사해""(인터뷰)","YTN","서현진 전 MBC 아나운서가 임신 소식을 전했다. 서현진은 3일 YTN Star에 ""현재 임신 19주차, 5개월에 접어들었다""라고 밝히며 ""2세의 성별은 아들이고.."
"34","많이 본(종합)","34","'검블유', 민망하고 어이없지만 재미있는 삼각관계 치정극","엔터미디어","‘검블유’ 매력적인 임수정·이다희·전혜진, 그런데 장기용은 왜? [엔터미디어=듀나의 영화낙서판] tvN 드라마 (이하 )에서.."
"35","많이 본(종합)","35","""유소년에 금지약물 투여, 구속된 전 프로선수는 이여상""","엑스포츠뉴스","자신이 운영하는 유소년 야구교실에서 10대 선수들에게 금지약물을 투약한 혐의로 논란을 일으킨 전 프로야구 선수가 이여상으로 드러났다. 이여상은 약사법 위반 혐의.."
"36","많이 본(종합)","36","""비정규직 현실 이해"" ""맞벌이라 좀 불편""..'급식대란' 첫날(종합)","뉴스1","뉴스1) 서혜림 기자,민선희 기자,황덕현 기자 = ""(파업은) 저희 아이들도 커서 겪을 수 있는 일이에요. 그 분들 처우를 교육부에서 개선해주는 게 장기적으로 봤.."
"37","많이 본(종합)","37","'北목선 남하' 북한주민 4명 중 2명, 선장 귀순 의도 몰랐다","연합뉴스","지난 15일 소형 목선을 타고 삼척항에 내렸던 북한 주민 4명 중 2명은 선장 등의 탈북 의도를 모르는 상황에서 의도치 않게 북방한계선(NLL)을 넘게 된 것으.."
"38","많이 본(종합)","38","민주당, 정개특위로 내부결론..""정개특위해야 사법개혁도 가능""","뉴스1","선거제도 개혁을 위한 국회 정치개혁특별위원회는 더불어민주당이 위원장을 맡을 전망이다. 3일 정개특위 소속 복수의 의원들에 따르면, 이인영 원내대표 등 민주당 지.."
"39","많이 본(종합)","39","한국 여권으로 187개국 무비자 여행..北은 39개국","뉴스1","한국 여권 소지자가 전 세계 187개국을 비자 없이 여행할 수 있는 것으로 나타났다. 반면 북한 여권 소지자는 39개국만 무비자 입국할 수 있는 것으로 조사됐다.."
"40","많이 본(종합)","40","세상 가장 유명한 늑대의 죽음","한겨레21","야생 복원의 모범 사례가 된 옐로스톤,  하지만 간과한 게 있었으니… 모든 것의 시작은 ‘늑대 사냥 열풍’에서 비롯했다. 19세기 말부터 20세기 초반까지 북아.."
"41","많이 본(종합)","41","지구보다 크고 해왕성보다 작은 100광년 밖 행성 대기 첫 분석","연합뉴스","지구보다는 크고 해왕성보다는 작은 중간 크기의 행성은 우리 태양계에는 존재하지 않지만 우리은하에는 약 80%에 달할 정도로 무수히 많다고 한다. 지구에서 약 1.."
"42","많이 본(종합)","42","[단독]가수 박상민, 4억대 송사 휘말려..""원금 갚았으나 이자가.."" 반박","스포티비뉴스","가수 박상민이 4억원 대 송사에 휘말렸다. 3일 스포티비뉴스 취재에 따르면 박상민의 지인 조 모씨는 박상민을 상대로 송사를 벌이고 있다. 조씨는 자신의 땅을 담.."
"43","많이 본(종합)","43","삼성전자, 日 수출규제 악재 속 시스템반도체 1등 '재다짐'","연합뉴스","삼성전자는 3일 서울 강남구 그랜드인터컨티넨탈파르나스 호텔에서 '삼성 파운드리 포럼 2019 코리아'를 열고 다양한 파운드리 포트폴리오를 소개했다고 밝혔다. '.."
"44","많이 본(종합)","44","'10세이브' 문경찬의 등장, KIA 마운드 최대의 미스터리","OSEN","KIA 타이거즈 젊은 소방수 문경찬(27)이 생애 첫 두 자릿 수 세이브에 성공했다.<U+00A0> 문경찬은 지난 2일 NC 다이노스와의 광주경기에서 5-2로 앞선 9회초 .."
"45","많이 본(종합)","45","류현진 아내 배지현 씨, 바블헤드 기념일 맞아 시구 [현장스케치]","MK스포츠","매경닷컴 MK스포츠(美 로스앤젤레스) 김재호 특파원 3일(이하 한국시간) 다저스타디움 마운드에서 훈훈한 '부부 상봉'이 이뤄졌다. LA다저스 좌완 선발 류현진의 .."
"46","많이 본(종합)","46","'골목식당' 포방터 돈가스집 깜짝 등장..특급 솔루션 진행","텐아시아","SBS ‘백종원의 골목식당’(이하 ‘골목식당’)에서 포방터 돈가스 집이 깜짝 출연한다. 3일 방송되는 ‘골목식당’에서는 지역경제 살리기 프로젝트 네 번째 지역인.."
"47","많이 본(종합)","47","5일간 방치해 숨진 생후 7개월 딸..어린 부모에 살인죄 적용(종합)","연합뉴스","검찰이 생후 7개월 딸을 5일간 집에 혼자 방치해 숨지게 한 혐의로 구속한 어린 부부에게 살인죄와 사체유기죄를 적용했다. 인천지검 여성아동범죄조사부(오세영 부장.."
"48","많이 본(종합)","48","[SC이슈] 신화 이민우, ""술자리 강제추행NO""→신고취하→경찰조사 계속(종합)","스포츠조선","신화 이민우가 데뷔 21년만에 첫 구설에 올랐다. 서울 강남경찰서에 따르면 이민우는 지난달 29일 서울 강남구 신사동의 한 주점에서 술을 먹다 옆 테이블에 앉아.."
"49","많이 본(종합)","49","한국당, 상임위원장 교체..예결위원장, 경선 실시","뉴스1","자유한국당이 상임위원장 배정 문제를 일단락했다. 다만 예산결산특별위원장은 경선을 통해 결정될 전망이다. 나경원 원내대표는 3일 국회에서 열린 의원총회 이후 기자.."
"50","많이 본(종합)","50","23년째 병상 아들과 돌보던 아버지 병원서 함께 숨진 채 발견","연합뉴스","20년이 넘게 병원에서 치료를 받던 아들과 그를 돌봐온 아버지가 병원에서 함께 숨진 채로 발견돼 경찰이 수사에 나섰다. 2일 충남 천안동남경찰서에 따르면 이날 .."
"51","많이 본(뉴스)","1","극심한 가뭄에..이라크 저수지 아래 '고대 궁전' 유적지 발견","서울신문","이라크 북부 쿠르드족 자치구에 있는 한 저수지에서 약 3400년 된 궁전의 유적지가 발견됐다고 CNN 등 외신이 보도했다. 극심한 가뭄 탓에 저수지 수위가 낮아져.."
"52","많이 본(뉴스)","2","""文대통령 아들 특혜채용 수사자료 공개""판결 불복, 檢 상고","뉴스1","검찰이 문재인 대통령 아들 준용씨의 특혜채용 의혹과 관련해 개인정보를 제외한 수사자료는 공개해도 된다는 항소심 판결에 불복해 상고했다. 3일 법원에 따르면 검찰.."
"53","많이 본(뉴스)","3","고유정, 범행 장면 사진으로 남겼다..촬영 이유엔 묵묵부답","연합뉴스","'제주 전남편 살해 사건'의 피의자 고유정(36·구속)이 자신의 범행을 사진으로 남긴 것으로 확인됐다. 제주지검은 3일 오전 열린 기자간담회에서 고씨가 지난 5.."
"54","많이 본(뉴스)","4","하이패스 204차례 무단통과 운전자 죄목은 편의시설 부정이용죄","연합뉴스","하이패스 전용차로를 200차례 넘게 무단통과해 통행료를 내지 않은 혐의로 재판에 넘겨진 운전자가 1심에서는 무죄, 2심에서는 유죄를 선고받았다. 하이패스 무단통.."
"55","많이 본(뉴스)","5","'아베 경제보복'에 애플·소니·화웨이가 긴장한 이유","머니투데이","아베 신조 일본 정부가 '징용 판결' 관련 한국에 반도체 핵심소재 수출을 제한하는 경제보복에 나서면서 세계 공급망이 충격을 받을 수 있다는 우려가 커지고 있다. .."
"56","많이 본(뉴스)","6","정부 ""北목선사건, 경계실패""..합참의장 경고·8군단장 보직해임(종합)","연합뉴스","정부는 북한 소형목선의 '삼척항 입항' 사건 관련, 관련 군부대들의 경계근무태세 등에서 문제점이 발견됐다고 밝혔다. 이와 관련, 국방부는 박한기 합참의장 등에 .."
"57","많이 본(뉴스)","7","장마 시즌인데 비 대신 폭염만..장마 왜 힘 못 쓰나","중앙일보","지난달 말부터 장마 시즌이 시작됐지만 장마 전선이 일본에 장기간 머무르면서 10일까지는 장맛비다운 비가 내리지 않을 것으로 예상된다. 대신 30도를 웃도는 폭염이.."
"58","많이 본(뉴스)","8","경찰, 오산 백골시신 공개수사..15∼17세 남성 추정","연합뉴스","경기도 오산의 한 야산에서 백골 상태의 시신이 발견된 사건을 수사 중인 경찰이 시신의 신원을 밝히고자 제보 전단을 제작해 배포했다. 3일 경기남부지방경찰청 광역.."
"59","많이 본(뉴스)","9","""새벽 첫차 탔더니 버스기사에게 술 냄새""..면허취소 수준","뉴스1","경찰이 새벽 시간에 만취 상태로 버스를 운행한 운전기사를 적발했다. 또 해당 운수업체를 행정처분할 것을 서울시에 통보했다. 서울 강남경찰서는 만취 상태에서 서울.."
"60","많이 본(뉴스)","10","비건 ""北WMD 완전동결 원해..제재해제 대신 인도지원·관계개선""(종합)","연합뉴스","스티븐 비건 미국 국무부 대북특별대표가 북한과 비핵화 협상을 하는 동안 북한 대량살상무기(WMD)의 ""완전한 동결""(complete freeze)을 원한다고 밝.."
"61","많이 본(뉴스)","11","방치된 알, 앞발 잘린 곰.. 퓨마 사살 1년, 동물원은 아직도","오마이뉴스","'동물을 대하는 태도에서 그 나라의 수준이 보인다.' 마하트마 간디의 명언은 '사람들이 사회에서 가장 홀대받기 쉬운 상태에 놓인 동물을 대하는 방식이 그 사회의.."
"62","많이 본(뉴스)","12","제주 제2공항 예정지 멸종위기종 1급 '비바리뱀' 서식","파이낸셜뉴스","국토교통부]    [제주=좌승훈 기자] 국토교통부가 시행한 제주 제2공항 전략환경영향평가 결과, 계획지구 주변에 비바리뱀(Sibynophis collaris)을 .."
"63","많이 본(뉴스)","13","김정은, 북미정상 판문점 만남 직후 文대통령에 ""고맙다"" 전해(종합)","연합뉴스","김정은 북한 국무위원장이 '6·30 판문점 남북미 회동' 당시 도널드 트럼프 미국 대통령과 군사분계선(MDL)을 넘어갔다가 남측으로 건너온 뒤 문재인 대통령에게.."
"64","많이 본(뉴스)","14","양승태 구속만료 앞둔 검찰 ""추가기소 없어..진행 재판부 책임""","뉴스1","검찰이 다음 달 1차 구속기간이 만료되는 양승태 전 대법원장(71·사법연수원 2기)에 대해 ""현재 추가기소를 검토하고 있지는 않다""고 밝혔다. 검찰 관계자는 3.."
"65","많이 본(뉴스)","15","태국 SNS서 '노점서 아내 돕는 독일 남편' 떴다가..수배 드러나","연합뉴스","태국 SNS상에서 '노점에서 아내를 돕는 이방인'으로 네티즌들의 칭찬을 받았던 30대 독일 남성이 각종 범죄 혐의로 경찰 수배를 받고 있던 것으로 뒤늦게 드러나.."
"66","많이 본(뉴스)","16","한일관계 브레이크 걸렸지만..일본차 판매량은 '급가속'","중앙일보","━한국 시장에서 독야청청 잘 팔리는 일본차 일본의 반도체 핵심 소재 수출 제한으로 한일관계가 급랭하는 상황에서 국내 소비자가 지난달 일본차 구매를 크게 늘린 것으.."
"67","많이 본(뉴스)","17","박용만 ""일본의 치밀한 보복작전에 우리는 서로 비난하기 바빠""","연합뉴스","박용만 대한상공회의소 회장이 3일 최근 미중 통상전쟁과 일본의 반도체·디스플레이 소재 수출규제 등과 관련, 정부와 정치권을 겨냥해 '쓴소리'를 내놨다. 박 회장.."
"68","많이 본(뉴스)","18","韓 비자제한 고려에 ""日 노선 많은데..LCC 어쩌나""","머니투데이","""저가항공 죽는구나. 일본노선 많은데…(제주항공 종목토론방)"" 일본 정부가 반도체 소재 3개 품목의 대 한국 수출규제 조처에 이어 비자 발급 엄격화 등에 나설 수.."
"69","많이 본(뉴스)","19","최첨단 스파이 잠수함서 화재.. 망신살 뻗친 러시아","문화일보","가스폭발로 승무원14명 사망러 언론 “核잠수함 ‘로샤리크’해저통신망 파괴 등 특수전用” 러시아의 핵추진 잠수함으로 전 세계에서 스파이 활동을 해온 것으로 추정되는.."
"70","많이 본(뉴스)","20","국가 폐암검진 논란..""가짜환자 양산"" vs ""조기발견 효과""(종합)","연합뉴스","이달부터 국가암검진으로 시행되는 폐암검진이 불필요한 검사와 수술을 야기해 오히려 국민 건강을 해칠 수 있다는 주장이 의료계 일각에서 나왔다. 이정권 성균관의대 .."
"71","많이 본(뉴스)","21","황교안 '1등' 내주자 솔솔 나오는 '반기문 평행이론', 과연?","헤럴드경제","'부동의 대선주자'라는 평을 받아온 황교안 자유한국당 대표가 결국 반기문 전 유엔 사무총장과 비슷한 길을 걷는 것 아니냐는 말이 돌고 있다. 제1 야당 대표로 .."
"72","많이 본(뉴스)","22","[단독] 고유정, 물티슈 뒷면에 '졸피뎀 라벨' 숨겨둬..경찰은 놓쳤다","국민일보","‘제주 전 남편 살인 사건’ 피의자 고유정(36)이 범행을 위해 구입한 뒤 숨겨둔 것으로 추정되는 졸피뎀 처방전 라벨이 뒤늦게 발견됐다. 경찰은 고유정이 현 남편.."
"73","많이 본(뉴스)","23","文대통령 ""남북동질성 회복해 하나되는 데 기독교계 앞장서달라""","연합뉴스","문재인 대통령은 3일 한국교회 주요 교단장들을 향해 ""평화를 만들어 내고 남북간 동질성을 회복해 다시 하나가 되는 과정에 기독교계가 앞장서달라""라고 당부했다. .."
"74","많이 본(뉴스)","24","""비정규직 현실 이해"" ""맞벌이라 좀 불편""..'급식대란' 첫날(종합)","뉴스1","뉴스1) 서혜림 기자,민선희 기자,황덕현 기자 = ""(파업은) 저희 아이들도 커서 겪을 수 있는 일이에요. 그 분들 처우를 교육부에서 개선해주는 게 장기적으로 봤.."
"75","많이 본(뉴스)","25","'北목선 남하' 북한주민 4명 중 2명, 선장 귀순 의도 몰랐다","연합뉴스","지난 15일 소형 목선을 타고 삼척항에 내렸던 북한 주민 4명 중 2명은 선장 등의 탈북 의도를 모르는 상황에서 의도치 않게 북방한계선(NLL)을 넘게 된 것으.."
"76","많이 본(뉴스)","26","민주당, 정개특위로 내부결론..""정개특위해야 사법개혁도 가능""","뉴스1","선거제도 개혁을 위한 국회 정치개혁특별위원회는 더불어민주당이 위원장을 맡을 전망이다. 3일 정개특위 소속 복수의 의원들에 따르면, 이인영 원내대표 등 민주당 지.."
"77","많이 본(뉴스)","27","한국 여권으로 187개국 무비자 여행..北은 39개국","뉴스1","한국 여권 소지자가 전 세계 187개국을 비자 없이 여행할 수 있는 것으로 나타났다. 반면 북한 여권 소지자는 39개국만 무비자 입국할 수 있는 것으로 조사됐다.."
"78","많이 본(뉴스)","28","세상 가장 유명한 늑대의 죽음","한겨레21","야생 복원의 모범 사례가 된 옐로스톤,  하지만 간과한 게 있었으니… 모든 것의 시작은 ‘늑대 사냥 열풍’에서 비롯했다. 19세기 말부터 20세기 초반까지 북아.."
"79","많이 본(뉴스)","29","지구보다 크고 해왕성보다 작은 100광년 밖 행성 대기 첫 분석","연합뉴스","지구보다는 크고 해왕성보다는 작은 중간 크기의 행성은 우리 태양계에는 존재하지 않지만 우리은하에는 약 80%에 달할 정도로 무수히 많다고 한다. 지구에서 약 1.."
"80","많이 본(뉴스)","30","삼성전자, 日 수출규제 악재 속 시스템반도체 1등 '재다짐'","연합뉴스","삼성전자는 3일 서울 강남구 그랜드인터컨티넨탈파르나스 호텔에서 '삼성 파운드리 포럼 2019 코리아'를 열고 다양한 파운드리 포트폴리오를 소개했다고 밝혔다. '.."
"81","많이 본(뉴스)","31","5일간 방치해 숨진 생후 7개월 딸..어린 부모에 살인죄 적용(종합)","연합뉴스","검찰이 생후 7개월 딸을 5일간 집에 혼자 방치해 숨지게 한 혐의로 구속한 어린 부부에게 살인죄와 사체유기죄를 적용했다. 인천지검 여성아동범죄조사부(오세영 부장.."
"82","많이 본(뉴스)","32","한국당, 상임위원장 교체..예결위원장, 경선 실시","뉴스1","자유한국당이 상임위원장 배정 문제를 일단락했다. 다만 예산결산특별위원장은 경선을 통해 결정될 전망이다. 나경원 원내대표는 3일 국회에서 열린 의원총회 이후 기자.."
"83","많이 본(뉴스)","33","23년째 병상 아들과 돌보던 아버지 병원서 함께 숨진 채 발견","연합뉴스","20년이 넘게 병원에서 치료를 받던 아들과 그를 돌봐온 아버지가 병원에서 함께 숨진 채로 발견돼 경찰이 수사에 나섰다. 2일 충남 천안동남경찰서에 따르면 이날 .."
"84","많이 본(뉴스)","34","그린란드 빙하 밑에 호수 56개 무더기 발견..빙하 유실 심각","서울신문","그린란드는 남극 대륙 다음으로 많은 육지 빙하를 품은 얼음의 섬이다. 하지만 지구 평균 기온이 상승하면서 빠른 속도로 빙하가 녹고 있다. 물론 아직 녹지 않은 빙.."
"85","많이 본(뉴스)","35","바람 피우는 암컷 오리, 어찌 하오리?","한겨레","오리는 암컷 한 마리가 수컷을 바꿔가면서 한 쌍을 이루는 경우가 빈번하다. 말하자면 남편 아닌 다른 남자와 바람을 피우는 것이다. 그러나 그 수컷은 결코 좋은 남.."
"86","많이 본(뉴스)","36","[단독]정부-삼성, 극일 해법 함께 찾는다..홍남기·김기남 긴급회동","머니투데이","홍남기 경제부총리와 김기남 삼성전자 반도체·디스플레이 부문 부회장의 긴급 회동은 일본의 반도체 핵심 소재 수출규제에 대한 정부와 업계의 위기의식을 고스란히 드러낸.."
"87","많이 본(뉴스)","37","""안 팔려도 너무 안팔려요""..유통가 '한숨'","한국경제TV","경기침체의 터널이 길어지면서 소비심리가 그야말로 바닥을 헤매고 있습니다. 소비자들과 직접 대면하는 유통업계는 직격탄을 맞고 있는데요. 전통시장부터 대형마.."
"88","많이 본(뉴스)","38","피복 벗겨진 전선 옆에 텐트.. 위험천만 '무허가 캠핑'","문화일보","태안국립공원 미등록 야영지 둘러보니…야외콘센트 지면 바로 위 설치텐트 200동에 소화기 5개 불과침수·감전·화재 등에 속수무책전문가 “2015년 강화도 화재로등록.."
"89","많이 본(뉴스)","39","[단독]""日보복카드만 100개..수차례 경고, 文정부 무반응""","중앙일보","지난해 11월 외교부와 산업통상자원부 고위관계자에게 한 통의 전화가 걸려왔다. 전화를 건 사람은 두 부처를 두루 거친 전직 고위관료였다. 그는 “강제징용 피해자에.."
"90","많이 본(뉴스)","40","이방카가 직접 온라인으로 사서 입었다는 한국 디자이너 옷","중앙일보","지난 6월 29·30일 미 도날드 트럼프 대통령과 함께 방한한 이방카 대통령 보좌관이 한국 디자이너 브랜드의 옷을 직접 구매해 입은 것으로 알려졌다.이번 방한은 .."
"91","많이 본(뉴스)","41","당정청 ""반도체 소재·부품·장비 개발에 매년 1조원 집중투자""(종합2보)","연합뉴스","日 수출규제 관련 반도체 경쟁력 강화 대책 이달 중 발표·R&D 투자 확대 공감대 하반기 경제정책방향 '경제활력 보강'에 방점…GTX-B 예타 9월 내 조기 완료.."
"92","많이 본(뉴스)","42","야4당, 이인영 연설에 쓴소리..""오로지 야당 탓, 말잔치뿐""","뉴시스","야4당은 3일 이인영 더불어민주당 원내대표의 교섭단체 대표연설을 두고 일제히 쓴소리를 쏟아냈다. 자유한국당과 바른미래당은 경제 실정 등을 야당 탓으로 돌리고 있.."
"93","많이 본(뉴스)","43","징용보복에 日산업계 우려 확산..""수평무역인데 日공급망 파괴""","연합뉴스","일본 정부가 한국 대법원의 강제징용 배상 판결에 대한 보복으로 간주되는 수출규제 조치를 발표한 가운데 이런 조치가 일본 기업들에 부메랑이 돼 피해를 줄 것이라는.."
"94","많이 본(뉴스)","44","[여기는 남미] '최강 미모' 여자축구심판이 받은 충격 메일, 내용은?","서울신문","한때 세계에서 가장 아름다운 여자축구심판으로 이름을 날린 브라질의 페르난다 콜롬보(30)가 ""성매매 제안을 받았다""고 폭로해 파문이 일고 있다. 콜롬보는 최근 자.."
"95","많이 본(뉴스)","45","[하반기 경제] 전세금 떼일 위험 없앤다..보증특례 전국 확대(종합)","연합뉴스","이달 말부터 전국의 전세 가구는 전세 계약이 끝나기 6개월 전까지만 '전세금 반환 보증'에 가입하면 만일의 경우라도 소중한 전세금을 지킬 수 있게 된다. 아울러.."
"96","많이 본(뉴스)","46","학교비정규직 2만2천명 파업..2천800개교 대체급식·단축수업(종합)","연합뉴스","급식조리원을 비롯한 전국의 학교 비정규직 노동자 2만2천여명이 3일 파업에 들어가 일부 학교에서 급식과 돌봄교실 운영에 차질이 빚어졌다. 전국교육공무직본부와 전.."
"97","많이 본(뉴스)","47","靑, 김상조 '청탁논평' 의혹에..""경제개혁연대에서 소송검토""","연합뉴스","청와대는 3일 '김상조 청와대 정책실장이 과거 경제개혁연대 소장으로 재직하던 시절 청탁을 받고서 논평을 내준 의혹이 있다'는 언론 보도와 관련, ""경제개혁연대에.."
"98","많이 본(뉴스)","48","사면초가 코오롱..'인보사' 허가 취소 처분 확정·檢 수사 본격화(종합2보)","아시아경제","식품의약품안전처는 3일 의약품 성분이 뒤바뀐 골관절염 유전자치료제 '인보사 케이주'에 대한 품목 허가 취소를 최종 확정했다. 지난 5월28일 식약처가 인보사의 .."
"99","많이 본(뉴스)","49","日노인 51.1% ""국민연금이 소득의 전부""","뉴시스","일본에서 65세 이상 노인가구 절반 이상이 공적연금(국민연금에 해당)이 소득의 전부인 것으로 조사됐다. 최근 노후자금으로 연금 이외에 2000만엔(약 2억원)의.."
"100","많이 본(뉴스)","50","[단독]'신화' 이민우 성추행 혐의 입건.. 피해여성 ""술집서 강제로 입맞춤""","동아일보","아이돌 그룹 ‘신화’의 멤버인 이민우 씨(40·사진)가 술자리에서 여성 2명에게 입맞춤을 하는 등 성추행을 한 혐의로 경찰에 입건됐다. 서울 강남경찰서는 “이 씨.."
"101","많이 본(연예)","1","[단독] ""딸 연예인 시켜준다더니""..A씨, 박상민 사기혐의 고소-각서공개","스포츠조선","가수 박상민이 사기혐의로 피소 당했다. A씨는 박상민을 상대로 민형사상 고소를 진행 중이다. A씨는 10년 전 박상민이 딸을 연예인으로 만들어주겠다고 약속해 자.."
"102","많이 본(연예)","2","[단독] 박상민 ""각서 속 인감, 잃어버린 도장..사기 당한 사람은 나""(인터뷰)","엑스포츠뉴스","가수 박상민이 4억대 민사 소송에 휘말린 것에 대해 직접 반박했다. 지난 2일, A씨는 박상민에게 사기를 당해 민사와 형사 고소를 진행 중이라고 다수 매체에 제.."
"103","많이 본(연예)","3","[Y피플] '유퀴즈2', 이래서 아직도 유재석 유재석 하는가 봅니다","YTN","유재석이 빛나는 소통력으로 '국민MC'의 품격을 재입증 하고 있다. 최근 tvN '유 퀴즈 온 더 블럭 시즌2'(이하 '유퀴즈2')가 소소하지만 웃음과 감동이 있.."
"104","많이 본(연예)","4","'아침마당' 허미라 ""아들 못 낳아 이혼당해, 노래 부르며 돈 벌었다""","스포츠투데이","'아침마당' 허미라가 안타까운 사연을 고백했다. 3일 방송된 KBS1 '아침마당'의 '도전 꿈의 무대'코너에서는 현진 허미라 조기흠 최귀종 황선아가 출연해 무대.."
"105","많이 본(연예)","5","[단독] 서현진 전 아나 ""임신 5개월..늦은 나이 걱정됐는데 감사해""(인터뷰)","YTN","서현진 전 MBC 아나운서가 임신 소식을 전했다. 서현진은 3일 YTN Star에 ""현재 임신 19주차, 5개월에 접어들었다""라고 밝히며 ""2세의 성별은 아들이고.."
"106","많이 본(연예)","6","'검블유', 민망하고 어이없지만 재미있는 삼각관계 치정극","엔터미디어","‘검블유’ 매력적인 임수정·이다희·전혜진, 그런데 장기용은 왜? [엔터미디어=듀나의 영화낙서판] tvN 드라마 (이하 )에서.."
"107","많이 본(연예)","7","[단독]가수 박상민, 4억대 송사 휘말려..""원금 갚았으나 이자가.."" 반박","스포티비뉴스","가수 박상민이 4억원 대 송사에 휘말렸다. 3일 스포티비뉴스 취재에 따르면 박상민의 지인 조 모씨는 박상민을 상대로 송사를 벌이고 있다. 조씨는 자신의 땅을 담.."
"108","많이 본(연예)","8","'골목식당' 포방터 돈가스집 깜짝 등장..특급 솔루션 진행","텐아시아","SBS ‘백종원의 골목식당’(이하 ‘골목식당’)에서 포방터 돈가스 집이 깜짝 출연한다. 3일 방송되는 ‘골목식당’에서는 지역경제 살리기 프로젝트 네 번째 지역인.."
"109","많이 본(연예)","9","[SC이슈] 신화 이민우, ""술자리 강제추행NO""→신고취하→경찰조사 계속(종합)","스포츠조선","신화 이민우가 데뷔 21년만에 첫 구설에 올랐다. 서울 강남경찰서에 따르면 이민우는 지난달 29일 서울 강남구 신사동의 한 주점에서 술을 먹다 옆 테이블에 앉아.."
"110","많이 본(연예)","10","강남경찰서 측 ""이민우, 신고 취하 맞지만 성특법상 수사 계속..출석기일 미정""[공식]","OSEN","그룹 신화 멤버 이민우가 성추행 혐의로 입건된 가운데, 서울 강남경찰서 측이 관련 입장을 밝혔다.<U+00A0> 강남경찰서 측은 3일 OSEN에 ""이민우의 강제 추행 관련 .."
"111","많이 본(연예)","11","이승환, 악플러 50명 고소 ""관용 베풀지 않을 것"" [공식]","일간스포츠","가수 이승환이 악플러 50명을 고소했다. 이승환의 법률대리인 법무법인 가로수 김용민 변호사는 2일 '고소인 이승환은 2019. 7. 2. 서울강동경찰서에 피고소.."
"112","많이 본(연예)","12","'라디오스타' 오세훈 ""헤딩골 도움 준 이강인, 생색냈다"" 비하인드 폭로","MBC연예","2019 U-20 월드컵 축구 국가대표 선수 오세훈이 ‘라디오스타’에 출연해 이강인의 생색을 폭로한다. 또한 함께 출연한 팀원들이 그를 ‘두 얼굴의 사나이’라고 .."
"113","많이 본(연예)","13","'씨네타운' 엄정화 ""46살 서핑 시작, 정재형 덕분에 용기냈다""","뉴스엔","엄정화가 서핑을 시작 이유를 밝혔다. 7월 3일 방송된 SBS 파워FM '박선영의 씨네타운'(이하 '씨네타운')에서 배우 겸 가수 엄정화는 정재형 덕분에 46살.."
"114","많이 본(연예)","14","[인터뷰④] '구해줘2' 김영민 ""내년이면 50세..동안외모 콤플렉스였다""","스포츠조선","배우 김영민(47)이 앞으로의 계획에 대한 고민을 토로했다. 김영민은 2001년 영화 '수취인불명'으로 데뷔한 후 2018년 tvN '나의 아저씨'를 만나기 전.."
"115","많이 본(연예)","15","'사람이 좋다' 임창정, 끼쟁이 아들 넷+18세 연하 아내 근황 공개[결정적장면]","뉴스엔","임창정의 아들들이 남다른 끼를 방출했다. 7월 2일 방송된 MBC ‘휴먼다큐 사람이 좋다'에서는 만능 엔터테이너이자 다둥이 아빠 임창정의 가족이 공개됐다. 다둥.."
"116","많이 본(연예)","16","[SC리뷰]""아이가 거꾸로 상태라""..'아내의맛' '정준호♥'이하정 끝내 눈물 이유","스포츠조선","배우 정준호 이하정 아나운서 부부가 둘째딸 축복이의 탄생을 전했다. 출산 준비를 위해 잠시 스튜디오를 떠났던 이들은 2일 방송한 TV조선 '세상 어디에도 없는, .."
"117","많이 본(연예)","17","[SC리뷰]'아내의맛' ""당신과 말하고 싶지 않다"" 뛰쳐나간 진화..함소원 눈물→'현실부부'","스포츠조선","함소원 진화 부부가 리얼한 현실 부부의 모습으로 시청자들의 눈길을 끌었다. 이들은 2일 방송한 TV조선 '세상 어디에도 없는, 아내의 맛'(이하 아내의 맛)에서 .."
"118","많이 본(연예)","18","'두데' 청하 ""아이오아이 재결합 소식, 알고 있었지만 말할 순 없었다""","마이데일리","가수 청하가 그룹 아이오아이의 재결합에 대해 언급했다. 3일 오후 방송된 MBC FM4U '두시의 데이트 지석진입니다'에 가수 제아와 청하가 스페셜 게스트로 출.."
"119","많이 본(연예)","19","아오이 유우, 결혼하자마자 위기설?[룩@재팬]","TV리포트","지난달 결혼을 발표한 아오이 유우가 불화설에 휩싸였다. 런던 여행 때문이었다. 일본 닛칸스포츠는 3일, 아오이 유우의 남편인 개그맨 야마사토 료타는 전날 자신이.."
"120","많이 본(연예)","20","[단독]설인아, KBS 새 주말극 '사랑은 뷰티풀' 주연 발탁","뉴스엔","설인아가 KBS 새 주말극 타이틀롤을 맡을 전망이다. 7월3일 복수의 드라마 관계자에 따르면 배우 설인아는 최근 KBS 2TV 새 주말드라마 '사랑은 뷰티풀 인.."
"121","많이 본(연예)","21","[단독] 연기자 송지은, 또 전속계약 분쟁 위기","스포츠동아","연기자 송지은. 동아닷컴DB 그룹 시크릿 출신 연기자 송지은(29)이 또 다시 전속계약 관련 분쟁에 휘말렸다. 3일 한국연예매니지먼트협회는 이날 오전 상벌조정윤리.."
"122","많이 본(연예)","22","'봄밤' 임현수 ""정해인 따라 FNC 배우로 데뷔""(인터뷰②)","스타뉴스","배우 임현수 / 사진=이동훈 기자 photoguy@ 배우 임현수(27)가 배우 한지민, 정해인과 데뷔작을 함께한 소감을 전했다. 임현수는 3일 서울 종로구 서린동.."
"123","많이 본(연예)","23","'해투4' 김태균 ""'정력가' 루머 탓 경찰서 行, 민망한 조사 시간이었다""","뉴스엔","'해피투게더4' 김태균이 14년 차 라디오 DJ로서 경험한 기상천외한 에피소드를 공개한다. 7월 4일 방송되는 KBS 2TV ‘해피투게더4’(이하 ‘해투4’)는.."
"124","많이 본(연예)","24","""의정의 것"" '불청' 최민용♥이의정, 직접 확정한 '러브라인' [Oh!쎈 리뷰]","OSEN","이의정과 최민용이 서로에게 애정을 과시, 러브라인을 확정짓는 멘트가 눈길을 끌었다.<U+00A0> 2일 방송된 SBS 예능 '불타는 청춘' 여름특집으로 역대급 여름MT가 그.."
"125","많이 본(연예)","25","'지정생존자', 원작보다 훨씬 큰 몰입감 선사하는 이유","엔터미디어","남북관계, 콘트롤 타워...‘지정생존자’ 제대로 된 리메이크 [엔터미디어=정덕현] 이 드라마 리메이크 맞아? tvN 월화드라마 <60일, 지정생존자>는 이런 생각.."
"126","많이 본(연예)","26","""마흔에 엄마된다""..방송인 서현진, 결혼 2년만에 전한 2세 소식 [종합]","엑스포츠뉴스","미스코리아 출신의 방송인 서현진이 오는 11월에 엄마가 된다.<U+00A0> 지난달 28일 서현진은 자신의 인스타그램을 통해 임신 사실을 직접 고백했다.<U+00A0> ""기쁜 소식이 있.."
"127","많이 본(연예)","27","신화 전진, 이민우 언급..""끝까지 믿어주고 응원해달라""","텐아시아","그룹 신화의 전진이 강제추행 혐의를 받고 있는 이민우를 언급하며 “끝까지 믿어주고 응원해달라”고 말했다. 전진은 3일 오후 네이버 V라이브를 열고 “예능프로그램.."
"128","많이 본(연예)","28","'수미네 반찬' 안일권, 고정 멤버 합류..김수미와 케미 어떨까","엑스포츠뉴스","개그맨 안일권이 '수미네 반찬'에 고정 멤버 출연을 확정했다. 지난 29일 공개된 tvN '수미네 반찬' 예고편에서 노란 반짝이 옷을 입고 등장한 안일권은 김수.."
"129","많이 본(연예)","29","[Y피플] 심은경은 日서, 전종서는 美로..세계로 나가는 韓배우들","YTN","한국 배우들의 세계 진출이 가속화되고 있다. 괄목할 만한 성적을 속속들이 내며 세계로 뻗어 나가고 있다. 배우 심은경의 일본 주연작인 영화 '신문기자'가 화제다..."
"130","많이 본(연예)","30","[단독] 우창범 ""BJ열매 법적대응..마크·정준영과 연락한 적 없다""","MBN","그룹 백퍼센트 출신 우창범이 BJ열매의 주장에 대해 허위사실 유포로 법적대응을 하겠다고 밝혔다. 우창범은 3일 오후 MBN스타에 “상대방(BJ열매)의 주장과 같이.."
"131","많이 본(연예)","31","'봉오동전투' 유해진 ""날 닮은 류준열, 많이 미안해""","스포츠조선","배우 유해진이 류준열을 향해 ""내 친척 닮았다""고 말했다. 3일 오전 서울 강남구 신사동 CGV압구정에서 전투 액션 영화 '봉오동 전투'(원신연 감독, 더블유픽.."
"132","많이 본(연예)","32","'사람이 좋다' 임창정, 펜션 뺨치는 제주도 럭셔리 하우스 ""월세→꿈 이뤘다""","뉴스엔","임창정이 제주도 집을 깜짝 공개했다. 7월 2일 방송된 MBC ‘휴먼다큐 사람이 좋다'에서는 데뷔 30년차 원조 만능 엔터테이너 임창정의 제주도 라이프가 공개됐.."
"133","많이 본(연예)","33","[단독] '불청' 브루노 ""16년 만 한국, 나 잊은 줄 알았는데..연기 활동 꿈꿔"" (인터뷰)","TV리포트","'불청' 막내로 합류해 화제를 모으고 있는 브루노가 오랜만의 한국 컴백 소감과 연기 활동에 대한 포부를 밝혔다. 최근 브루노는 TV리포트에 ""너무 오랜만이라 한.."
"134","많이 본(연예)","34","'구해줘2' 김영민 ""이솜과 러브라인? 19살 나이차 걱정했지만..""[EN:인터뷰②]","뉴스엔","“‘나의 아저씨’ 때 심각성을 이미 느꼈다. 그래서 더 걱정했다” 김영민이 ‘구해줘2’ 속 이솜과의 러브라인 서사에 대한 솔직한 심정을 털어놨다. 배우 김영민은.."
"135","많이 본(연예)","35","김신영, 48kg의 놀라운 각선미..요요없는 최강 다이어트짤 [★SNS]","enews24","김신영이 날씬한 각선미를 뽐냈다. 개그우먼 김신영은 2일 자신의 SNS에 ""정오의 희망곡 김신영입니다. 판벌려. 이번 판은 한복판. JBTC2, 릭오웬스, 휴가.."
"136","많이 본(연예)","36","유재석·조세호 '유 퀴즈 온 더 블럭2', 인기 상승세..최고 시청률 경신","TV리포트","방송인 유재석, 조세호가 출연 중인 ‘유 퀴즈 온 더 블럭’이 최고 시청률을 경신하며 상승세 인기를 증명했다. 지난 2일(화) 오후 11시 방송된 tvN ‘유 .."
"137","많이 본(연예)","37","BJ열매 2차 폭로 ""계속 거짓말"" VS 우창범 ""성관계 영상 합의"" [전문]","스포츠동아","[전문] BJ열매 2차 폭로 “계속 거짓말” VS 우창범 “성관계 영상 합의” 아프리카TV BJ열매와 그룹 백퍼센트 출신이자 현 버뮤다 멤버 우창범의 폭로전이 .."
"138","많이 본(연예)","38","""아내, 백번 찍었다""..'살림남2' 김승현 父, 파란만장 연애사 공개","스포츠조선","'살림남2' 김승현 어머니의 수상한 외출이 포착됐다. KBS 2TV '살림하는 남자들 시즌2(이하 '살림남2')에서는 외출하는 어머니를 미행하는 김승현 아버지의 .."
"139","많이 본(연예)","39","서현진 임신 ""유산 경험으로 힘들었지만 마흔에 엄마 됩니다""","스포츠동아","서현진 임신서현진 임신 “유산 경험으로 힘들었지만 마흔에 엄마 됩니다” 서현진 전 아나운서가 임신 소감을 밝혔다. 서현진은 지난달 28일 자신의 인스타그래메 “.."
"140","많이 본(연예)","40","이하정, 둘째 출산 후 근황 공개 ""부으니까 더 낫죠?"" (아내의맛)","티브이데일리","‘아내의 맛’ 이하정이 출산 후 근황을 공개했다. 2일 방송된 TV조선 예능프로그램 ‘세상 어디에도 없는, 아내의 맛’(이하 ‘아내의 맛’)에서는 정준호 이하정.."
"141","많이 본(연예)","41","'유퀴즈2' 중국집 사장님 ""자기들 찾아오지 마세요"" 부탁한 사연→울컥[SS리뷰]","스포츠서울","'유 퀴즈 온 더 블럭'의 '마이웨이' 중국집 사장님이 웃음과 눈물을 동시에 선사했다. 2일 오후 방송된 tvN 예능프로그램 '유 퀴즈 온 더 블럭2'에서는 유재.."
"142","많이 본(연예)","42","서현진 임신..누리꾼 축하 ""요즘은 마흔에 순산 많이 해요""","스타투데이","서현진(39) 전 MBC 아나운서가 임신 소식을 알린 가운데 누리꾼들이 축하하며 순산을 응원했다. 서현진은 지난달 28일 자신의 인스타그램에 ""기쁜 소식이 있다.."
"143","많이 본(연예)","43","""살아남은 우리들""..'지정생존자' 강한나→허준호 알려준 테러의 참혹함 [Oh!쎈 리뷰]","OSEN","'60일, 지정생존자' 갑작스럽게 테러를 당한 이들의 아픈 마음을 담아내 가슴을 먹먹하게 만들었다. 지난 2일 방송된 tvN 새 월화드라마<U+00A0>'60일, 지정생존자.."
"144","많이 본(연예)","44","'바람이분다' 감우성X김하늘, 신파 아닌 멜로로 풀어낸 알츠하이머[Oh!쎈 리뷰]","OSEN","알츠하이머 환자와의 로맨스는 수많은 드라마와 영화에 등장한 소재다. '바람이 분다' 역시 뻔해보이는 소재를 선택했지만 담담하게 풀어내면서 신선한 느낌을 주고 있.."
"145","많이 본(연예)","45","정소민, '리틀 포레스트' 마지막 합류..이서진X이승기X박나래 라인업 완성","마이데일리","배우 정소민이 SBS 새 월화 예능 ‘리틀 포레스트’의 마지막 멤버로 합류한다. 정소민은 드라마와 영화는 물론 최근 SBS 파워FM ‘영 스트리트’의 DJ로도 .."
"146","많이 본(연예)","46","[인터뷰⑤]'기방도령' 최귀화 ""나체 첫 등장신, 걱정·부담 컸다..고생하신 대역분께 죄송""","스포츠조선","배우 최귀화가 '기방도령' 속 육갑 캐릭터와 나체 첫 등장신에 대한 비하인드 스토리를 전했다. 폐업 위기의 기방 연풍각을 살리기 위해 꽃도령 허색(이준호)이 조선.."
"147","많이 본(연예)","47","이승환, 악플러 50명 고소 ""팬들에게도 모욕적인 발언"" [공식입장 전문]","마이데일리","가수 이승환이 악플러들을 고소했다. 이승환의 소속사 드림팩토리클럽은 2일 공식 SNS에 이 같은 사실을 밝히며 고소장을 공개했다. 이승환의 법률대리인 법무법인 .."
"148","많이 본(연예)","48","승무원과 열애설 제기된 후 이승우가 보인 의외의 반응","세계일보","축구선수 이승우(22·헬라스 베로나 FC·사진)가 5세 연상 승무원과 열애설에 휩싸인 가운데, 입장을 내놓는 대신에 셀카(셀프 카메라)를 게재했다. <U+00A0> 3일 .."
"149","많이 본(연예)","49","'이하정♥' 정준호, 양복까지 갖춰 입고 둘째 맞이 (아내의맛) [TV온에어]","티브이데일리","‘아내의 맛’ 정준호 이하정 부부가 둘째 축복이와 행복한 첫 만남을 가졌다. 2일 방송된 TV조선 예능프로그램 ‘세상 어디에도 없는, 아내의 맛’(이하 ‘아내의.."
"150","많이 본(연예)","50","박주호 아들 건후, 사랑스러운 '볼 빵빵'","스타투데이","축구선수 박주호의 아들 건후의 귀여운 일상이 공개됐다. 3일 박주호의 아내 안나는 인스타그램에 ""At our favorite place in town""(우리가 .."
"151","많이 본(스포츠)","1","트럼프, 박세리에게 ""왜 미국 선수들이 한국 선수들보다 못하냐""","연합뉴스","'한국 골프의 선구자'인 박세리(42) 여자골프 대표팀 감독이 도널드 트럼프 미국 대통령과 만나 골프를 주제로 나눈 대화 내용을 소개했다. 박세리 감독은 3일 .."
"152","많이 본(스포츠)","2","'9회말 2사 후 뒤집기' LAD, 5연속 볼넷으로 끝내기 승리[현장 리뷰]","OSEN","로스앤젤레스(미 캘리포니아주), 조형래 기자] LA 다저스가 올스타 휴식기 전 마지막 홈 6연전 첫 경기를 짜릿한 끝내기로 장식했다. 다저스는 3일(이하 한국시간.."
"153","많이 본(스포츠)","3","[단독] 최강희, 상하이선화서 키케 대체할 유력 후보로 부상","풋볼리스트","류청 기자= 최강희 감독이 바로 새 둥지를 찾을 가능성이 커졌다. 중국 상하이선화 구단 내부 소식에 능통한 복수 관계자는 ""3일 상하이선화 구단이 키케 플로레스.."
"154","많이 본(스포츠)","4","다정히 셀카 찍는 박연경-배지현 아나운서 [사진]","OSEN","로스앤젤레스(미 캘리포니아주), 이동해 기자] 3일 (한국시간) 미국 캘리포니아주 로스앤젤레스 다저 스타디움에서 2019 메이저리그 LA다저스와 애리조나 다이아몬.."
"155","많이 본(스포츠)","5","SON 넘은 나카지마, 포르투의 '159억 제안' 거절","스포탈코리아","이현민 기자= 포르투갈 명문 FC포르투가 일본 공격수 나카지마 쇼야(24, 알 두하일) 영입에 열을 올리고 있다. 나카지마는 지난 2월 포르투갈 프로티모넨세에서.."
"156","많이 본(스포츠)","6","""유소년에 금지약물 투여, 구속된 전 프로선수는 이여상""","엑스포츠뉴스","자신이 운영하는 유소년 야구교실에서 10대 선수들에게 금지약물을 투약한 혐의로 논란을 일으킨 전 프로야구 선수가 이여상으로 드러났다. 이여상은 약사법 위반 혐의.."
"157","많이 본(스포츠)","7","'10세이브' 문경찬의 등장, KIA 마운드 최대의 미스터리","OSEN","KIA 타이거즈 젊은 소방수 문경찬(27)이 생애 첫 두 자릿 수 세이브에 성공했다.<U+00A0> 문경찬은 지난 2일 NC 다이노스와의 광주경기에서 5-2로 앞선 9회초 .."
"158","많이 본(스포츠)","8","류현진 아내 배지현 씨, 바블헤드 기념일 맞아 시구 [현장스케치]","MK스포츠","매경닷컴 MK스포츠(美 로스앤젤레스) 김재호 특파원 3일(이하 한국시간) 다저스타디움 마운드에서 훈훈한 '부부 상봉'이 이뤄졌다. LA다저스 좌완 선발 류현진의 .."
"159","많이 본(스포츠)","9","아르헨 감독도 폭발 ""수준 떨어지는 심판, 브라질 편만 들었어""","인터풋볼","윤효용 기자= 아르헨티나의 리오넬 스칼로니 감독이 브라질 전 패배 후 심판 판정 대한 불만을 드러냈다. 아르헨티나는 3일 오전 9시 30분(한국시간) 브라질 벨.."
"160","많이 본(스포츠)","10","'승리 당한' LAD..로버츠도 황당했던 9회, ""홀랜드 답지 않았다"" [생생인터뷰]","OSEN","로스앤젤레스(미 캘리포니아주), 조형래 기자] LA 다저스가 승리를 ‘당했다’.<U+00A0> 다저스는 3일(이하 한국시간) 미국 캘리포니아주 로스앤젤레스 다저 스타디움에서 .."
"161","많이 본(스포츠)","11","박세리, 다시 잡는 골프채에 설레는 미소[포토엔HD]","뉴스엔","설해원 레전드 매치 기자회견이 7월3일 오전 서울시 중구 소공동 롯데호텔 서울 사파이어 볼룸에서 열렸다 이날 박세리가 인터뷰에 응하고 있다. 기자회견에는 박세리.."
"162","많이 본(스포츠)","12","'야생마' 푸이그, 옐리치 실책에 홈 쇄도하며 끝내기 득점","OSEN","신시내티 레즈 야시엘 푸이그가 저돌적인 주루 플레이로 끝내기 승리를 만들었다. 신시내티는 3일(이하 한국시간) 미국 오하이오주 신시내티 그레이트 아메리칸 볼파크.."
"163","많이 본(스포츠)","13","[코파 리뷰] 브라질, '메시 침묵' 아르헨 2-0 완파..12년만 결승행","인터풋볼","신명기 기자= 브라질이 리오넬 메시가 침묵한 아르헨티나를 완파하고 코파 아메리카 결승전에 진출했다. 브라질은 3일 오전 9시 30분(한국시간) 브라질 벨루오리존.."
"164","많이 본(스포츠)","14","최강희 감독과의 이별에 눈물 흘린 진셩","스포츠동아","최강희 감독(오른쪽)과의 이별의 아쉬움이 눈물 흘리는 진셩의 모습. 사진캡쳐 | 시나스포츠다롄 이팡의 수비수 진셩이 최강희 감독과의 이별에 아쉬움의 눈물을 흘렸다.."
"165","많이 본(스포츠)","15","日 언론, '이보미 결혼하고 일본투어 떠나나?'","스포탈코리아","이은경 기자= 올 시즌 성적이 부진한 이보미(31)를 두고 일본 언론이 우려를 표시하고 있다. 지난달 28일 일본의 ‘닛칸겐다이 디지털’은 ‘이번 시즌 최악의 .."
"166","많이 본(스포츠)","16","NC, 좌완 프리드릭 영입..버틀러·베탄코트 웨이버 신청 [오피셜]","OSEN","NC 다이노스가 새 외국인 투수, 크리스천 프리드릭을 영입한다. 어깨 부상으로 팀 전력에서 빠진 버틀러에 대해서는 한국야구위원회(KBO)에 3일 웨이버 공시를 .."
"167","많이 본(스포츠)","17","""류현진을 너무 과소평가했다"" 컴퓨터도 오류 인정한 류현진","스포티비뉴스","시즌을 앞둔 하나의 재미는 각종 통계 프로젝션의 시즌 예상이다. 통계 프로젝션은 지금까지의 성적과 나이 등을 종합적으로 판단해 선수별로 시즌 예상치를 내놓는다..."
"168","많이 본(스포츠)","18","이대은의 소방수 배치, 이강철 감독의 신의 한수<U+00A0>","OSEN","이대은(KT)에게 뒷문 단속은 몸에 딱 맞는 옷과 같다. 지난해까지 소방수 역할을 맡았던 김재윤이 오른쪽 어깨 통증으로 전력에서 이탈한 가운데 이대은이 부상 공.."
"169","많이 본(스포츠)","19","끝내기 밀어내기 볼넷으로 승리 거둔 다저스 [사진]","OSEN","로스앤젤레스(미 캘리포니아주), 이동해 기자] LA 다저스가 올스타 휴식기 전 마지막 홈 6연전 첫 경기를 짜릿한 끝내기로 장식했다. 다저스는 3일(이하 한국시간.."
"170","많이 본(스포츠)","20","""야구 관둬라"" 5연속 볼넷, 애리조나 팬들 '폭발'","스포티비뉴스","애리조나 마무리 투수 그렉 홀랜드는 4-3 승리까지 아웃카운트 하나를 남겨 뒀다. 9회 2사 후 크리스 테일러를 볼 카운트 0-2로 몰아갔다. 이젠 승리에 스트.."
"171","많이 본(스포츠)","21","모건 '차 마시기 세리머니'.. 英은 발끈 - 美는 통쾌","OSEN","알렉스 모건의 '차 마시기 세리머니'를 본 영국과 미국이 상반된 반응을 보이고 있다. 잉글랜드는 3일(한국시간) 프랑스 그루파마 스타디움에서 열린 2019 국제.."
"172","많이 본(스포츠)","22","[K리그1 ISSUE] 선배들에게 한턱 쏜 조영욱, 박주영 반응은 ""막내형""","인터풋볼","정지훈 기자= 이쯤 되면 행복한 FC서울이다. U-20 월드컵에서 준우승을 차지하고 돌아온 FC서울의 `막내` 조영욱이 선배들에게 크게 한턱 쐈고, 이를 본 `.."
"173","많이 본(스포츠)","23","""이런 일은 처음"" 다저스 선수들이 말하는 '5연속 볼넷 끝내기' [현장인터뷰]","MK스포츠","매경닷컴 MK스포츠(美 로스앤젤레스) 김재호 특파원 9회 한 점 차 뒤진 2사 2스트라이크에서 5연속 볼넷으로 경기를 끝냈다면 믿겠는가. 비디오 게임에서나 벌어질.."
"174","많이 본(스포츠)","24","냄비밥 먹고 여관방 돌던 21살 연습벌레 비상한다","서울신문","변방에 머물러 척박한 훈련 환경 속 맹훈련 2015년 세계선수권 7위로 한국 최고 성적 “광주서 5위 이상 올라 올림픽 입성 목표”한때 박태환의 수영 경영이나 김.."
"175","많이 본(스포츠)","25","월드컵 사상 최악의 비극..FIFA, 에스코바르 사망 25주기 추모","스포츠서울","안드레스 에스코바르. 출처 | FIFA 월드컵 트위터    [스포츠서울 이지은기자] ‘삼가 고인의 명복을 빕니다(Rest in Peace.)’국제축구연맹(FIFA.."
"176","많이 본(스포츠)","26","이승우, 승무원과 열애설?..SNS 럽스타그램 포착 ""행복해""","엠스플뉴스","헬라스 베로나 FC 소속의 축구 선수 이승우가 열애설에 휩싸였다.<U+00A0>상대는 21만 명이 넘는 팔로워를 보유한 유명 SNS 스타. A항공사 스튜어디스로 알려진 이 .."
"177","많이 본(스포츠)","27","[단독인터뷰] ""마라도나도 막았는데, 차붐은 도저히.."" 차범근·슈마허, 분데스리가 최고 창과 방패 만나다","일간스포츠","""이 친구 손 좀 보세요. 저 크고 두꺼운 손에 당대 최고 골잡이들 슛이 다 막혔죠.(차범근)"" ""내가 마라도나한테도 골을 안 먹었는데, 차붐은 도저히 못 당.."
"178","많이 본(스포츠)","28","'쿠어스 필드 난타전' HOU, COL 9-8 제압하고 4연승","OSEN","휴스턴 애스트로스가 쿠어스 필드에서 벌어진 난타전에서 승리하고 4연승을 달렸다. 휴스턴은 3일(이하 한국시간) 미국 콜로라도주 덴버 쿠어스 필드에서 열린 콜로라.."
"179","많이 본(스포츠)","29","[스포츠타임 시선]한화 속절없이 멀어져 가는 '13년 만의 신인왕'","스포티비뉴스","2일 잠실 LG-한화전에 앞서 만난 한화의 모 코치는 이런 말을 했다. ""신인을 키운다는 것이 얼마나 어려운 것인지 절실히 깨닫고 있다. 투수는 그나마 낫다. .."
"180","많이 본(스포츠)","30","[SC핫포커스]'멀티맨' KIA 이창진의 2루수 실험 속 숨겨진 의미는?","스포츠조선","KIA 타이거즈의 '멀티맨' 이창진(28)이 올 시즌 처음으로 내야 수비수로 중용됐다. 2루수였다. 박흥식 감독대행은 2일 NC 다이노스전에서 이창진을 2루수로.."
"181","많이 본(스포츠)","31","日도 불만 ""로버츠 감독 교체, 마에다가 아니라고 말했는데..""","스포티비뉴스","마에다 겐타(31·LA 다저스)는 분명 건실한 투수다. LA 다저스에 있기에 5선발 취급을 받을 뿐이다. 2일(이하 한국시간) 현재 16경기에 선발로 나가 7승.."
"182","많이 본(스포츠)","32","""미안하다""는 오지환에 ""KBO 최고 유격수"" 엄지 세운 윌슨","마이데일리","LG의 '에이스' 타일러 윌슨(30)이 시즌 8승째를 수확했다. 지난 2일 잠실 한화전에 선발 등판, 7이닝 5피안타 2실점(1자책)으로 호투한 윌슨은 LG가 .."
"183","많이 본(스포츠)","33","'3연패·2위 불안' 두산, 시즌 최대 위기 봉착","뉴스1","2위 싸움이 재밌어졌다. 두산 베어스의 부진 때문이다. 두산은 지난 2일 서울 고척스카이돔에서 열린 2019 신한은행 마이카 KBO리그 키움 히어로즈와 시즌 1.."
"184","많이 본(스포츠)","34","맨유의 머과이어 영입 조건..'판 데이크 넘는' 월드레코드 지불해야","스포티비뉴스","맨체스터 유나이티드가 영입을 바라는 해리 머과이어(레스터시티) 의 영입 조건은 간단하다. 2018년 1월 리버풀로 이적하며 수비수 역대 최고 이적료를 세운 버질.."
"185","많이 본(스포츠)","35","토트넘 오자마자 손흥민 찾은 클라크, ""정말 좋아해요""","베스트일레븐","(베스트 일레븐) 토트넘 홋스퍼가 지갑에 쌓인 먼지를 훌훌 털어내고 18개월 만에 돈을 꺼내 선수를 영입했다. 주인공은 리즈 유나이티드 출신의 2000년생 윙어 .."
"186","많이 본(스포츠)","36","로버츠 감독, ""류현진, 2019년 NL 최고 투수..선발 결정 쉬웠다"" [오!쎈 현장]","OSEN","로스앤젤레스(미 캘리포니아주), 조형래 기자] “류현진의 올스타전 선발 투수 결정은 쉬운 일이었다.” 데이브 로버츠 감독은 3일(이하 한국시간), 미국 캘리포니아.."
"187","많이 본(스포츠)","37","[골드컵 리뷰] '히메네스 PK골' 멕시코, 연장 승부 끝에 아이티 꺾고 결승 진출","인터풋볼","윤효용 기자= 멕시코가 연장 승부 끝에 아이티를 꺾고 결승 진출을 이뤄냈다. 멕시코는 3일 오전 11시 30분(한국시간) 미국 애리조나주 글레데일에 위치한 스테.."
"188","많이 본(스포츠)","38","U-20 월드컵 골든볼 이강인, KT 후원 받는다","OSEN","KT(회장 황창규)는 3일 KT 광화문빌딩 East서 2019 U-20 월드컵 골든볼에 빛나는 이강인(18, 발렌시아)의 후원 계약 조인식을 진행했다고 밝혔다..."
"189","많이 본(스포츠)","39","한화의 성급함과 KIA의 신중함, 리빌딩 정답은 있을까?","스포츠서울","KIA 3루수 박찬호가 26일 고척스카이돔에서 열린 2019프로야구 키움히어로즈와 KIA타이거즈의 주중 3연전 두번째 경기 9회말 2사 3루 키움 4번 임지열의 .."
"190","많이 본(스포츠)","40","14년-9번의 메이저대회서 같은 결말, 무관의 메시","스포츠조선","다른 장소, 같은 포즈다. 아르헨티나 유니폼을 입은 '국대 메시'가 또 다시 고개를 떨궜다. 3일(한국시간) 브라질 미네이랑 스타디움에서 열린 브라질과의 '코파 .."
"191","많이 본(스포츠)","41","""은퇴 안 한다"" 메시 ""도울 수 있다면 돕겠다""","스포티비뉴스","리오넬 메시(아르헨티나)가 고개를 숙였다. 아르헨티나는 3일 오전 9시 30분(이하 한국 시간) 브라질 벨루오지존치 미네이랑에서 열린 2019 코파 아메리카 준.."
"192","많이 본(스포츠)","42","연령불문 등장하는 새 얼굴, 지난 2년 악몽 지워가는 LG","스포츠서울","LG 선수들이 5일 잠실 kt전에서 9-2로 승리한 뒤 마운드에 모여 하이파이브로 자축하고있다. 2019.06.05. 김도훈기자 dica@sportsseoul.c.."
"193","많이 본(스포츠)","43","'역사적 연금 계약' 56세 은퇴 선수, 올해도 연봉 14억 받은 사연","스포티비뉴스","현지시간으로 매년 7월 1일은 메이저리그(MLB)에서 매우 유명한 날이다. 이미 잘 알려져 있듯이 바비 보니야(56)가 뉴욕 메츠로부터 돈을 받는 날이기 때문이.."
"194","많이 본(스포츠)","44","레알 프리시즌 30인 명단 유출, 쿠보-베일 합류","스포탈코리아","한재현 기자= 레알 마드리드(이하 레알)가 프리 시즌과 함께 다가오는 2019/2020시즌을 준비한다. 스페인 매체 ‘마르카’는 3일(한국시간) 보도에서 “레알.."
"195","많이 본(스포츠)","45","배지현 아나운서,'류현진 향한 특급시구' [사진]","OSEN","로스앤젤레스(미 캘리포니아주), 이동해 기자] 3일 (한국시간) 미국 캘리포니아주 로스앤젤레스 다저 스타디움에서 2019 메이저리그 LA다저스와 애리조나 다이아몬.."
"196","많이 본(스포츠)","46","'리그 2호 110안타' 이정후, 타격왕-최다안타 바라본다","OSEN","키움 히어로즈 이정후가 최근 절정의 타격감을 과시하고 있다. 이정후는 지난 2일 서울 고척스카이돔에서 열린 두산 베어스와의 홈경기에 3번 지명타자로 선발 출전해.."
"197","많이 본(스포츠)","47","[공식발표] 전북, 권경원 6개월 임대 영입 ""모든 걸 쏟겠다""","스포티비뉴스","전북현대모터스축구단(단장 백승권)이 전북현대 U-18 출신 국가대표 중앙 수비수 권경원(27세,DF)을 임대 영입한다. 3일, 전북현대는 톈진 톈하이(중국)에서.."
"198","많이 본(스포츠)","48","스캑스의 죽음.. 17년전 절친 떠나보낸 어스머스 감독의 슬픈 운명","OSEN","로스앤젤레스(미 캘리포니아주), 조형래 기자] 지금으로부터 17년 전인 2002년, 브래드 어스머스 현재 LA 에인절스 감독은 당시 휴스턴 애스트로스의 주전 포수.."
"199","많이 본(스포츠)","49","서울 외국인 선수 활약 배경엔 최용수의 '밀당'","골닷컴","박병규 기자 = 최근 FC서울 소속의 외국인 선수들이 맹활약을 펼치고 있다. 우즈벡 국가대표 알리바예프는 2경기 연속골을 터트렸고, 돌아온 오스마르는 4골을 기.."
"200","많이 본(스포츠)","50","27개가 11개로..충격에 가까운 김재환의 홈런 하락","일간스포츠","공인구 교체 여파일까. 두산 간판타자 김재환(31)의 홈런이 눈에 띄게 줄어들었다. 김재환은 개막 이후 6월까지 83경기에 출전해 타율 0.301(302타수 9.."
"201","댓글 많은(종합)","1","[단독]""日보복카드만 100개..수차례 경고, 文정부 무반응""","중앙일보","지난해 11월 외교부와 산업통상자원부 고위관계자에게 한 통의 전화가 걸려왔다. 전화를 건 사람은 두 부처를 두루 거친 전직 고위관료였다. 그는 “강제징용 피해자에.."
"202","댓글 많은(종합)","2","""일본차, 불매하자"" 열받은 韓소비자, 난처한 업계","머니투데이","""속 좁은 일본, 자동차 구매 보류할 겁니다.""일본의 핵심소재 수출 규제 강화에 소비자들이 뿔났다. 온라인을 중심으로 일본차를 불매하자는 목소리가 커지고 있다. .."
"203","댓글 많은(종합)","3","김문수 ""文대통령, 대변인 축에도 끼지못하는 개평꾼""","뉴스1","김문수 전 경기지사가 2일 ""판문점에서 문재인 대통령의 모습은 김정은의 대변인이라기 보다는 '법정 밖의 변호인', 대변인 축에도 끼지 못하는 '개평꾼' 같았다"".."
"204","댓글 많은(종합)","4","한·일 무역전쟁에 불매운동 번질라..떨고있는 유니클로·데상트·아사히","뉴스1","일본의 경제 보복으로 한·일 관계가 최악으로 치닫고 있다. 국내에서는 반일감정이 커지면서 일본산 제품에 대한 불매운동까지 거론되고 있다. 한국에 진출한 일본 기.."
"205","댓글 많은(종합)","5","日언론 ""일본 정부, 對韓 수출규제 확대 검토"" 보도","연합뉴스","일본 정부가 한국에 대한 수출규제 강화에 관해 대상 품목의 확대를 검토하고 있다고 교도통신이 2일 보도했다. 교도는 ""군사전용이 가능한 전자부품과 관련 소재 등.."
"206","댓글 많은(종합)","6","축구장 2.5배 깔고 앉은..그들만의 호화주택 '관사'","MBC","◀ 앵커 ▶ 하나 같이 높은 담장에 둘러싸여 있고 그 안에 건물은 크고 마당도 넓습니다. 도지사, 시장, 군수 같은 자치단체 장들이 사는 관사입니다. 그것도 1.."
"207","댓글 많은(종합)","7","대일 보복카드는 자동차 수입·반도체 수출 규제..맞불작전 고심","서울신문","日처럼 무역 때 정부 신청·승인 방안 거론 패션 불매 운동 하면 아베 정부 압박 효과 낸드플래시 반도체 日 수출 제한 의견도 “중기 日수출 막힐수 있어 자제” 신.."
"208","댓글 많은(종합)","8","""올 것이 왔다""..반쪽짜리 반도체 강국의 '현주소'","MBC","◀ 앵커 ▶ 일본에서는 올해 초부터 ""보복을 하려면 한국의 급소를 치라""는 말이 나왔고 그 급소가 반도체였다는 게 증명됐습니다. 한국의 반도체가 전체 수출에서 .."
"209","댓글 많은(종합)","9","""우리도 일본 제품 불매하자"" 일본 경제보복에 반일감정 폭발","한국일보","“일본 관광 6개월만 끊자” 격앙… 일각 “똑같은 짓 삼가야” 일본 정부가 한국 반도체, 디스플레이 산업을 겨냥한 경제보복 조치를 발표하자 시민들은 “일제강점기 .."
"210","댓글 많은(종합)","10","정부, '日 수출규제' 대응해 소재부품 개발에 6조원 투입","연합뉴스","정부가 3일 일본 수출규제에 대응해 반도체 소재를 비롯한 부품·장비 개발에 우선 예산사업으로 약 6조원을 투입하기로 했다. 산업통상자원부는 일본 수출규제 조치에.."
"211","댓글 많은(종합)","11","'아베 경제보복'에 애플·소니·화웨이가 긴장한 이유","머니투데이","아베 신조 일본 정부가 '징용 판결' 관련 한국에 반도체 핵심소재 수출을 제한하는 경제보복에 나서면서 세계 공급망이 충격을 받을 수 있다는 우려가 커지고 있다. .."
"212","댓글 많은(종합)","12","북한 목선 발견 어민에게 박수친 한국당, ""영웅""이라며 찬양","오마이뉴스","▲ <U+00A0>나경원 자유한국당 원내대표가 2일 오후 서울 여의도 국회 당회의실에서 북한 소형 목선의 삼척항 입항을 최초로 112에 신고한 김경현씨(맨 오른쪽)와 .."
"213","댓글 많은(종합)","13","한일관계 브레이크 걸렸지만..일본차 판매량은 '급가속'","중앙일보","━한국 시장에서 독야청청 잘 팔리는 일본차 일본의 반도체 핵심 소재 수출 제한으로 한일관계가 급랭하는 상황에서 국내 소비자가 지난달 일본차 구매를 크게 늘린 것으.."
"214","댓글 많은(종합)","14","""광화문 반드시 돌아간다""..'무궁화 화분' 대응","MBC","◀ 앵커 ▶ 우리공화당이 광화문 광장에 천막을 다시 세우지 못하도록 서울시가 화분들을 추가로 들여 놨습니다. 우리공화당은 이번주 안에 몽골텐트 네 동을 추가로 .."
"215","댓글 많은(종합)","15","일, 다음카드는 '한국인 비자강화'.. 현지선 ""보복, 중국만 좋은 일""","국민일보","일본 정부가 한국에 대해 반도체 소재 수출 규제라는 경제보복에 나선 것은 아베 신조(安倍晋三) 총리의 의지가 강하게 작용한 것으로 알려졌다. 일본 정부는 다음 보.."
"216","댓글 많은(종합)","16","정부 ""北목선사건, 경계실패""..합참의장 경고·8군단장 보직해임(종합)","연합뉴스","정부는 북한 소형목선의 '삼척항 입항' 사건 관련, 관련 군부대들의 경계근무태세 등에서 문제점이 발견됐다고 밝혔다. 이와 관련, 국방부는 박한기 합참의장 등에 .."
"217","댓글 많은(종합)","17","고유정, 범행 장면 사진으로 남겼다..촬영 이유엔 묵묵부답","연합뉴스","'제주 전남편 살해 사건'의 피의자 고유정(36·구속)이 자신의 범행을 사진으로 남긴 것으로 확인됐다. 제주지검은 3일 오전 열린 기자간담회에서 고씨가 지난 5.."
"218","댓글 많은(종합)","18","""한국인 차별 없었다""..日군함도 원주민들 유엔서 주장","뉴시스","태평양전쟁 당시 강제 징용된 조선인들이 석탄 채굴에 동원됐던 일본 나가사키(長崎)현 하시마(端島, 일명 군함도)섬의 옛 주민들이 국제무대에서 ""당시 군함도에서는.."
"219","댓글 많은(종합)","19","이인영 ""일 안하는 국회의원에 페널티..국민소환제 도입해야""(종합)","연합뉴스","더불어민주당 이인영 원내대표는 3일 ""매달 1일 자동으로 국회를 열고, 의사일정을 논의하다 빈손 국회로 끝나는 일을 원천 차단해야 한다""고 제안했다. 이 원내대.."
"220","댓글 많은(종합)","20","""文대통령 아들 특혜채용 수사자료 공개""판결 불복, 檢 상고","뉴스1","검찰이 문재인 대통령 아들 준용씨의 특혜채용 의혹과 관련해 개인정보를 제외한 수사자료는 공개해도 된다는 항소심 판결에 불복해 상고했다. 3일 법원에 따르면 검찰.."
"221","댓글 많은(종합)","21","황교안 '1등' 내주자 솔솔 나오는 '반기문 평행이론', 과연?","헤럴드경제","'부동의 대선주자'라는 평을 받아온 황교안 자유한국당 대표가 결국 반기문 전 유엔 사무총장과 비슷한 길을 걷는 것 아니냐는 말이 돌고 있다. 제1 야당 대표로 .."
"222","댓글 많은(종합)","22","학교비정규직 ""공무원 연금? 바라지도 않아..이름 달라는것""","노컷뉴스","■ 방송 : CBS 라디오  FM 98.1 (07:30~09:00)■ 진행 : 김현정 앵커■ 대담 : 박금자(전국학교비정규직노동조합 위원장) 여.."
"223","댓글 많은(종합)","23","음주운전 신고에 '보복 폭행'..조사 뒤 바로 풀어준 경찰","JTBC","술에 취한 오토바이 운전자가 자신을 신고한 사람을 마구 때려서 경찰에 붙잡혔습니다. 심지어 신고한 사람의 아버지도 위협했고 경찰관도 때렸습니다. 하지만 경찰은 .."
"224","댓글 많은(종합)","24","석방된 박유천에 쏟아지는 비난","노컷뉴스","마약 투약 혐의로 재판에 넘겨진 가수 겸 배우 박유천(33)이 집행유예를 선고받고 2일 석방됐다. 박유천은 이날 오전 수원구치소를 나서면서 취재진을 향해 ""앞으로.."
"225","댓글 많은(종합)","25","'고유정, 카레에 졸피뎀' 대검서 유포.. 제주지검 당혹감","뉴시스","제주도의 한 펜션에서 전 남편을 살해한 혐의를 받는 고유정(36) 사건이 대검찰청의 '피의사실 공표' 논란으로 번질 태세다. 고씨 사건과 관련해 제주지검에서는 .."
"226","댓글 많은(종합)","26","23년째 병상 아들과 돌보던 아버지 병원서 함께 숨진 채 발견","연합뉴스","20년이 넘게 병원에서 치료를 받던 아들과 그를 돌봐온 아버지가 병원에서 함께 숨진 채로 발견돼 경찰이 수사에 나섰다. 2일 충남 천안동남경찰서에 따르면 이날 .."
"227","댓글 많은(종합)","27","日언론들 사설 통해 '경제보복' 비판..""어리석은 행동 철회해야""","연합뉴스","일본 정부가 지난 1일 발표한 한국대법원의 강제징용 판결에 대한 경제적 보복 조치가 실리와 명분에서 문제가 있다는 비판 여론이 일본 내에서 확산하는 가운데, 일.."
"228","댓글 많은(종합)","28","[취재파일] ""내년도 최저임금 1만 원"" 노측 vs 사측 ""업종별 차등 단초 마련""","SBS","두 번째입니다. 최저임금을 업종별로 구분해 적용하는 방안이 부결되자 회의에 불참하고 있는 사용자 위원들이 지난 6차 회의에 이어 7차 최저임금위원회 전원회의에도 .."
"229","댓글 많은(종합)","29","[단독] 고유정, 물티슈 뒷면에 '졸피뎀 라벨' 숨겨둬..경찰은 놓쳤다","국민일보","‘제주 전 남편 살인 사건’ 피의자 고유정(36)이 범행을 위해 구입한 뒤 숨겨둔 것으로 추정되는 졸피뎀 처방전 라벨이 뒤늦게 발견됐다. 경찰은 고유정이 현 남편.."
"230","댓글 많은(종합)","30","박용만 ""일본의 치밀한 보복작전에 우리는 서로 비난하기 바빠""","연합뉴스","박용만 대한상공회의소 회장이 3일 최근 미중 통상전쟁과 일본의 반도체·디스플레이 소재 수출규제 등과 관련, 정부와 정치권을 겨냥해 '쓴소리'를 내놨다. 박 회장.."
"231","댓글 많은(종합)","31","이승환 악플러 고소 ""팬들 모욕 못참아..무관용원칙""","스타투데이","가수 이승환이 자신과 자신의 팬을 모욕한 악플러에 강경대응을 시사했다. 이승환 소속사 드림팩토리는 2일 공식 SNS 등을 통해 '이승환이 자신과 팬들의 명예를 .."
"232","댓글 많은(종합)","32","日언론 ""WTO 위반 소지·韓기업 일본이탈 우려"" 연일 비판","헤럴드경제","일본 정부의 한국에 대한 반도체 핵심 소재 등 3개 품목 수출 규제와 관련해 일본 언론은 연이어 비판기사를 게재하고 오는 4일 본격 시행되는 수출 규제에 우려를.."
"233","댓글 많은(종합)","33","징용보복에 日산업계 우려 확산..""수평무역인데 日공급망 파괴""","연합뉴스","일본 정부가 한국 대법원의 강제징용 배상 판결에 대한 보복으로 간주되는 수출규제 조치를 발표한 가운데 이런 조치가 일본 기업들에 부메랑이 돼 피해를 줄 것이라는.."
"234","댓글 많은(종합)","34","""국민감정 악화 막아야..당장 한일 정상회담을""","서울신문","일본의 대표적 한반도 전문가 오쿠조노 히데키(55) 시즈오카현립대 국제관계학부 교수는 현재의 한일 관계에서 가장 우려되는 것은 양국 국민감정이 갈수록 악화돼 통제.."
"235","댓글 많은(종합)","35","학교 비정규직 2만2천명 총파업..전국 2800개교 급식대란","뉴시스","학교 비정규직 노동자들이 파업에 돌입한 첫날 전국 2802개 학교에서 급식이 정상제공되지 않아 대체급식 등을 실시하거나 단축수업을 했다. 교육부가 3일 오전 1.."
"236","댓글 많은(종합)","36","나경원 ""법사위 한국당 보임 없으면 국회 정상화 어려워""","연합뉴스","자유한국당 나경원 원내대표는 3일 ""국회 법제사법위원회에서 이완영 전 의원의 후속 자리 보임에 대해 더불어민주당이 동의하지 않고 있는데 이러한 태도로는 국회가 .."
"237","댓글 많은(종합)","37","마침내 뜨는 '월미바다열차'.. 인천경제 살릴까, 혈세만 삼킬까","문화일보","10년 표류끝 막바지 안전점검… 이달 시민 대상 영업시운전재추진 비용 합쳐 1000억 투입시운전 마치고 9월엔 개통할듯인천역 등 4개구간 6.1㎞ 운행성인 800.."
"238","댓글 많은(종합)","38","""우리당 의원 어떻게 수사할 건데?""..'황당' 요구","MBC","◀ 앵커 ▶ 지난 4월 국회 패스트 트랙 정국에서 물리적 충돌이 이어질 때 한국당 의원들이 바른 미래당 채이배 의원을 감금한 혐의로 고소를 당했습니다. 경찰이 .."
"239","댓글 많은(종합)","39","""새벽 첫차 탔더니 버스기사에게 술 냄새""..면허취소 수준","뉴스1","경찰이 새벽 시간에 만취 상태로 버스를 운행한 운전기사를 적발했다. 또 해당 운수업체를 행정처분할 것을 서울시에 통보했다. 서울 강남경찰서는 만취 상태에서 서울.."
"240","댓글 많은(종합)","40","""왜 안 비켜줘"" 택시기사 얼굴에 비비탄 쏜 30대 법정 구속","서울신문","법원 “비비탄총은 위험한 물건” 징역 4개월 선고 택시기사의 얼굴에 비비탄 총알을 쏜 30대 남성이 1심에서 실형을 선고받았다. 특히 법원은 비비탄 총이 ‘위험한.."
"241","댓글 많은(종합)","41","범여권 ""한국당, 패스트트랙 수사에 외압"" 비판 한목소리","연합뉴스","자유한국당 의원들이 패스트트랙(신속처리안건) 지정 국면에서의 고소·고발과 관련한 경찰 수사에 외압을 가했다는 의혹과 관련, 3일 범여권이 한목소리로 비판을 가했.."
"242","댓글 많은(종합)","42","방치된 알, 앞발 잘린 곰.. 퓨마 사살 1년, 동물원은 아직도","오마이뉴스","'동물을 대하는 태도에서 그 나라의 수준이 보인다.' 마하트마 간디의 명언은 '사람들이 사회에서 가장 홀대받기 쉬운 상태에 놓인 동물을 대하는 방식이 그 사회의.."
"243","댓글 많은(종합)","43","日 남부 규슈 '물폭탄'..누적 강수량 800mm 넘어","연합뉴스","장마전선이 머물고 있는 일본 남부 규슈(九州) 지방에 '물 폭탄'에 비유할 수 있을 정도로 엄청난 폭우가 며칠째 이어지고 있다. 일본 기상청은 3일 해당 지역 .."
"244","댓글 많은(종합)","44","'한국은 큰 단골' 日 기업 속앓이..日 언론도 ""보복 자제""","SBS","이렇게 무역 전쟁까지도 불사하겠다며 경제 보복 카드를 꺼내 든 아베 총리와 달리 정작 일본의 반도체 관련 기업들은 걱정이 많습니다. 한국과 사이가 나빠져.."
"245","댓글 많은(종합)","45","""日 부품 없이 힘들어""..세계시장 꽉 잡아도 '日 눈치'","SBS","그런데 시야를 조금 더 넓혀서 보면 우리 산업에서 반도체 말고도 일본 기업의 부품과 소재에 의존하는 분야는 더<U+00A0>많습니다. 특히 첨단 산업일수록 더욱 그런.."
"246","댓글 많은(종합)","46","이낙연에 밀렸다?..'잇단 논란' 황교안, 광폭 행보로 안간힘","YTN","자유한국당 황교안 대표가 차기 대선 주자 선호도에서 이낙연 국무총리에게 1위 자리를 내준 여론조사 결과가 나왔습니다.  잇단 논란으로 '황교안 리더십'이 한계에.."
"247","댓글 많은(종합)","47","韓 비자제한 고려에 ""日 노선 많은데..LCC 어쩌나""","머니투데이","""저가항공 죽는구나. 일본노선 많은데…(제주항공 종목토론방)"" 일본 정부가 반도체 소재 3개 품목의 대 한국 수출규제 조처에 이어 비자 발급 엄격화 등에 나설 수.."
"248","댓글 많은(종합)","48","하이패스 204차례 무단통과 운전자 죄목은 편의시설 부정이용죄","연합뉴스","하이패스 전용차로를 200차례 넘게 무단통과해 통행료를 내지 않은 혐의로 재판에 넘겨진 운전자가 1심에서는 무죄, 2심에서는 유죄를 선고받았다. 하이패스 무단통.."
"249","댓글 많은(종합)","49","'아내의맛' 전라도 비하 자막 논란 사과 ""불편함 드려 죄송""","뉴스엔","‘아내의 맛’ 제작진이 전라도 비하 자막 논란에 사과했다. 7월 2일 방송된 TV CHOSUN ‘아내의 맛’에서는 지난달 25일 방송분 중 ‘전라디언’ 자막에 .."
"250","댓글 많은(종합)","50","[단독] 대소변 강요에 급소 폭행까지 ""월급 갈취 정황도""","KBS","동기 병사에게 저지른 군대 내 엽기적인 가혹행위, 어제(1일) 전해드렸죠. 보도가 나간 이후, 피해 병사의 가족이 KBS 취재진에게 연락을 해왔습니다. 알려진 .."
"251","댓글 많은(뉴스)","1","[단독]""日보복카드만 100개..수차례 경고, 文정부 무반응""","중앙일보","지난해 11월 외교부와 산업통상자원부 고위관계자에게 한 통의 전화가 걸려왔다. 전화를 건 사람은 두 부처를 두루 거친 전직 고위관료였다. 그는 “강제징용 피해자에.."
"252","댓글 많은(뉴스)","2","""일본차, 불매하자"" 열받은 韓소비자, 난처한 업계","머니투데이","""속 좁은 일본, 자동차 구매 보류할 겁니다.""일본의 핵심소재 수출 규제 강화에 소비자들이 뿔났다. 온라인을 중심으로 일본차를 불매하자는 목소리가 커지고 있다. .."
"253","댓글 많은(뉴스)","3","김문수 ""文대통령, 대변인 축에도 끼지못하는 개평꾼""","뉴스1","김문수 전 경기지사가 2일 ""판문점에서 문재인 대통령의 모습은 김정은의 대변인이라기 보다는 '법정 밖의 변호인', 대변인 축에도 끼지 못하는 '개평꾼' 같았다"".."
"254","댓글 많은(뉴스)","4","한·일 무역전쟁에 불매운동 번질라..떨고있는 유니클로·데상트·아사히","뉴스1","일본의 경제 보복으로 한·일 관계가 최악으로 치닫고 있다. 국내에서는 반일감정이 커지면서 일본산 제품에 대한 불매운동까지 거론되고 있다. 한국에 진출한 일본 기.."
"255","댓글 많은(뉴스)","5","日언론 ""일본 정부, 對韓 수출규제 확대 검토"" 보도","연합뉴스","일본 정부가 한국에 대한 수출규제 강화에 관해 대상 품목의 확대를 검토하고 있다고 교도통신이 2일 보도했다. 교도는 ""군사전용이 가능한 전자부품과 관련 소재 등.."
"256","댓글 많은(뉴스)","6","축구장 2.5배 깔고 앉은..그들만의 호화주택 '관사'","MBC","◀ 앵커 ▶ 하나 같이 높은 담장에 둘러싸여 있고 그 안에 건물은 크고 마당도 넓습니다. 도지사, 시장, 군수 같은 자치단체 장들이 사는 관사입니다. 그것도 1.."
"257","댓글 많은(뉴스)","7","대일 보복카드는 자동차 수입·반도체 수출 규제..맞불작전 고심","서울신문","日처럼 무역 때 정부 신청·승인 방안 거론 패션 불매 운동 하면 아베 정부 압박 효과 낸드플래시 반도체 日 수출 제한 의견도 “중기 日수출 막힐수 있어 자제” 신.."
"258","댓글 많은(뉴스)","8","""올 것이 왔다""..반쪽짜리 반도체 강국의 '현주소'","MBC","◀ 앵커 ▶ 일본에서는 올해 초부터 ""보복을 하려면 한국의 급소를 치라""는 말이 나왔고 그 급소가 반도체였다는 게 증명됐습니다. 한국의 반도체가 전체 수출에서 .."
"259","댓글 많은(뉴스)","9","""우리도 일본 제품 불매하자"" 일본 경제보복에 반일감정 폭발","한국일보","“일본 관광 6개월만 끊자” 격앙… 일각 “똑같은 짓 삼가야” 일본 정부가 한국 반도체, 디스플레이 산업을 겨냥한 경제보복 조치를 발표하자 시민들은 “일제강점기 .."
"260","댓글 많은(뉴스)","10","정부, '日 수출규제' 대응해 소재부품 개발에 6조원 투입","연합뉴스","정부가 3일 일본 수출규제에 대응해 반도체 소재를 비롯한 부품·장비 개발에 우선 예산사업으로 약 6조원을 투입하기로 했다. 산업통상자원부는 일본 수출규제 조치에.."
"261","댓글 많은(뉴스)","11","'아베 경제보복'에 애플·소니·화웨이가 긴장한 이유","머니투데이","아베 신조 일본 정부가 '징용 판결' 관련 한국에 반도체 핵심소재 수출을 제한하는 경제보복에 나서면서 세계 공급망이 충격을 받을 수 있다는 우려가 커지고 있다. .."
"262","댓글 많은(뉴스)","12","북한 목선 발견 어민에게 박수친 한국당, ""영웅""이라며 찬양","오마이뉴스","▲ <U+00A0>나경원 자유한국당 원내대표가 2일 오후 서울 여의도 국회 당회의실에서 북한 소형 목선의 삼척항 입항을 최초로 112에 신고한 김경현씨(맨 오른쪽)와 .."
"263","댓글 많은(뉴스)","13","한일관계 브레이크 걸렸지만..일본차 판매량은 '급가속'","중앙일보","━한국 시장에서 독야청청 잘 팔리는 일본차 일본의 반도체 핵심 소재 수출 제한으로 한일관계가 급랭하는 상황에서 국내 소비자가 지난달 일본차 구매를 크게 늘린 것으.."
"264","댓글 많은(뉴스)","14","""광화문 반드시 돌아간다""..'무궁화 화분' 대응","MBC","◀ 앵커 ▶ 우리공화당이 광화문 광장에 천막을 다시 세우지 못하도록 서울시가 화분들을 추가로 들여 놨습니다. 우리공화당은 이번주 안에 몽골텐트 네 동을 추가로 .."
"265","댓글 많은(뉴스)","15","일, 다음카드는 '한국인 비자강화'.. 현지선 ""보복, 중국만 좋은 일""","국민일보","일본 정부가 한국에 대해 반도체 소재 수출 규제라는 경제보복에 나선 것은 아베 신조(安倍晋三) 총리의 의지가 강하게 작용한 것으로 알려졌다. 일본 정부는 다음 보.."
"266","댓글 많은(뉴스)","16","정부 ""北목선사건, 경계실패""..합참의장 경고·8군단장 보직해임(종합)","연합뉴스","정부는 북한 소형목선의 '삼척항 입항' 사건 관련, 관련 군부대들의 경계근무태세 등에서 문제점이 발견됐다고 밝혔다. 이와 관련, 국방부는 박한기 합참의장 등에 .."
"267","댓글 많은(뉴스)","17","고유정, 범행 장면 사진으로 남겼다..촬영 이유엔 묵묵부답","연합뉴스","'제주 전남편 살해 사건'의 피의자 고유정(36·구속)이 자신의 범행을 사진으로 남긴 것으로 확인됐다. 제주지검은 3일 오전 열린 기자간담회에서 고씨가 지난 5.."
"268","댓글 많은(뉴스)","18","""한국인 차별 없었다""..日군함도 원주민들 유엔서 주장","뉴시스","태평양전쟁 당시 강제 징용된 조선인들이 석탄 채굴에 동원됐던 일본 나가사키(長崎)현 하시마(端島, 일명 군함도)섬의 옛 주민들이 국제무대에서 ""당시 군함도에서는.."
"269","댓글 많은(뉴스)","19","이인영 ""일 안하는 국회의원에 페널티..국민소환제 도입해야""(종합)","연합뉴스","더불어민주당 이인영 원내대표는 3일 ""매달 1일 자동으로 국회를 열고, 의사일정을 논의하다 빈손 국회로 끝나는 일을 원천 차단해야 한다""고 제안했다. 이 원내대.."
"270","댓글 많은(뉴스)","20","""文대통령 아들 특혜채용 수사자료 공개""판결 불복, 檢 상고","뉴스1","검찰이 문재인 대통령 아들 준용씨의 특혜채용 의혹과 관련해 개인정보를 제외한 수사자료는 공개해도 된다는 항소심 판결에 불복해 상고했다. 3일 법원에 따르면 검찰.."
"271","댓글 많은(뉴스)","21","황교안 '1등' 내주자 솔솔 나오는 '반기문 평행이론', 과연?","헤럴드경제","'부동의 대선주자'라는 평을 받아온 황교안 자유한국당 대표가 결국 반기문 전 유엔 사무총장과 비슷한 길을 걷는 것 아니냐는 말이 돌고 있다. 제1 야당 대표로 .."
"272","댓글 많은(뉴스)","22","학교비정규직 ""공무원 연금? 바라지도 않아..이름 달라는것""","노컷뉴스","■ 방송 : CBS 라디오  FM 98.1 (07:30~09:00)■ 진행 : 김현정 앵커■ 대담 : 박금자(전국학교비정규직노동조합 위원장) 여.."
"273","댓글 많은(뉴스)","23","음주운전 신고에 '보복 폭행'..조사 뒤 바로 풀어준 경찰","JTBC","술에 취한 오토바이 운전자가 자신을 신고한 사람을 마구 때려서 경찰에 붙잡혔습니다. 심지어 신고한 사람의 아버지도 위협했고 경찰관도 때렸습니다. 하지만 경찰은 .."
"274","댓글 많은(뉴스)","24","'고유정, 카레에 졸피뎀' 대검서 유포.. 제주지검 당혹감","뉴시스","제주도의 한 펜션에서 전 남편을 살해한 혐의를 받는 고유정(36) 사건이 대검찰청의 '피의사실 공표' 논란으로 번질 태세다. 고씨 사건과 관련해 제주지검에서는 .."
"275","댓글 많은(뉴스)","25","23년째 병상 아들과 돌보던 아버지 병원서 함께 숨진 채 발견","연합뉴스","20년이 넘게 병원에서 치료를 받던 아들과 그를 돌봐온 아버지가 병원에서 함께 숨진 채로 발견돼 경찰이 수사에 나섰다. 2일 충남 천안동남경찰서에 따르면 이날 .."
"276","댓글 많은(뉴스)","26","日언론들 사설 통해 '경제보복' 비판..""어리석은 행동 철회해야""","연합뉴스","일본 정부가 지난 1일 발표한 한국대법원의 강제징용 판결에 대한 경제적 보복 조치가 실리와 명분에서 문제가 있다는 비판 여론이 일본 내에서 확산하는 가운데, 일.."
"277","댓글 많은(뉴스)","27","[취재파일] ""내년도 최저임금 1만 원"" 노측 vs 사측 ""업종별 차등 단초 마련""","SBS","두 번째입니다. 최저임금을 업종별로 구분해 적용하는 방안이 부결되자 회의에 불참하고 있는 사용자 위원들이 지난 6차 회의에 이어 7차 최저임금위원회 전원회의에도 .."
"278","댓글 많은(뉴스)","28","[단독] 고유정, 물티슈 뒷면에 '졸피뎀 라벨' 숨겨둬..경찰은 놓쳤다","국민일보","‘제주 전 남편 살인 사건’ 피의자 고유정(36)이 범행을 위해 구입한 뒤 숨겨둔 것으로 추정되는 졸피뎀 처방전 라벨이 뒤늦게 발견됐다. 경찰은 고유정이 현 남편.."
"279","댓글 많은(뉴스)","29","박용만 ""일본의 치밀한 보복작전에 우리는 서로 비난하기 바빠""","연합뉴스","박용만 대한상공회의소 회장이 3일 최근 미중 통상전쟁과 일본의 반도체·디스플레이 소재 수출규제 등과 관련, 정부와 정치권을 겨냥해 '쓴소리'를 내놨다. 박 회장.."
"280","댓글 많은(뉴스)","30","日언론 ""WTO 위반 소지·韓기업 일본이탈 우려"" 연일 비판","헤럴드경제","일본 정부의 한국에 대한 반도체 핵심 소재 등 3개 품목 수출 규제와 관련해 일본 언론은 연이어 비판기사를 게재하고 오는 4일 본격 시행되는 수출 규제에 우려를.."
"281","댓글 많은(뉴스)","31","징용보복에 日산업계 우려 확산..""수평무역인데 日공급망 파괴""","연합뉴스","일본 정부가 한국 대법원의 강제징용 배상 판결에 대한 보복으로 간주되는 수출규제 조치를 발표한 가운데 이런 조치가 일본 기업들에 부메랑이 돼 피해를 줄 것이라는.."
"282","댓글 많은(뉴스)","32","""국민감정 악화 막아야..당장 한일 정상회담을""","서울신문","일본의 대표적 한반도 전문가 오쿠조노 히데키(55) 시즈오카현립대 국제관계학부 교수는 현재의 한일 관계에서 가장 우려되는 것은 양국 국민감정이 갈수록 악화돼 통제.."
"283","댓글 많은(뉴스)","33","학교 비정규직 2만2천명 총파업..전국 2800개교 급식대란","뉴시스","학교 비정규직 노동자들이 파업에 돌입한 첫날 전국 2802개 학교에서 급식이 정상제공되지 않아 대체급식 등을 실시하거나 단축수업을 했다. 교육부가 3일 오전 1.."
"284","댓글 많은(뉴스)","34","나경원 ""법사위 한국당 보임 없으면 국회 정상화 어려워""","연합뉴스","자유한국당 나경원 원내대표는 3일 ""국회 법제사법위원회에서 이완영 전 의원의 후속 자리 보임에 대해 더불어민주당이 동의하지 않고 있는데 이러한 태도로는 국회가 .."
"285","댓글 많은(뉴스)","35","마침내 뜨는 '월미바다열차'.. 인천경제 살릴까, 혈세만 삼킬까","문화일보","10년 표류끝 막바지 안전점검… 이달 시민 대상 영업시운전재추진 비용 합쳐 1000억 투입시운전 마치고 9월엔 개통할듯인천역 등 4개구간 6.1㎞ 운행성인 800.."
"286","댓글 많은(뉴스)","36","""우리당 의원 어떻게 수사할 건데?""..'황당' 요구","MBC","◀ 앵커 ▶ 지난 4월 국회 패스트 트랙 정국에서 물리적 충돌이 이어질 때 한국당 의원들이 바른 미래당 채이배 의원을 감금한 혐의로 고소를 당했습니다. 경찰이 .."
"287","댓글 많은(뉴스)","37","""새벽 첫차 탔더니 버스기사에게 술 냄새""..면허취소 수준","뉴스1","경찰이 새벽 시간에 만취 상태로 버스를 운행한 운전기사를 적발했다. 또 해당 운수업체를 행정처분할 것을 서울시에 통보했다. 서울 강남경찰서는 만취 상태에서 서울.."
"288","댓글 많은(뉴스)","38","""왜 안 비켜줘"" 택시기사 얼굴에 비비탄 쏜 30대 법정 구속","서울신문","법원 “비비탄총은 위험한 물건” 징역 4개월 선고 택시기사의 얼굴에 비비탄 총알을 쏜 30대 남성이 1심에서 실형을 선고받았다. 특히 법원은 비비탄 총이 ‘위험한.."
"289","댓글 많은(뉴스)","39","범여권 ""한국당, 패스트트랙 수사에 외압"" 비판 한목소리","연합뉴스","자유한국당 의원들이 패스트트랙(신속처리안건) 지정 국면에서의 고소·고발과 관련한 경찰 수사에 외압을 가했다는 의혹과 관련, 3일 범여권이 한목소리로 비판을 가했.."
"290","댓글 많은(뉴스)","40","방치된 알, 앞발 잘린 곰.. 퓨마 사살 1년, 동물원은 아직도","오마이뉴스","'동물을 대하는 태도에서 그 나라의 수준이 보인다.' 마하트마 간디의 명언은 '사람들이 사회에서 가장 홀대받기 쉬운 상태에 놓인 동물을 대하는 방식이 그 사회의.."
"291","댓글 많은(뉴스)","41","日 남부 규슈 '물폭탄'..누적 강수량 800mm 넘어","연합뉴스","장마전선이 머물고 있는 일본 남부 규슈(九州) 지방에 '물 폭탄'에 비유할 수 있을 정도로 엄청난 폭우가 며칠째 이어지고 있다. 일본 기상청은 3일 해당 지역 .."
"292","댓글 많은(뉴스)","42","'한국은 큰 단골' 日 기업 속앓이..日 언론도 ""보복 자제""","SBS","이렇게 무역 전쟁까지도 불사하겠다며 경제 보복 카드를 꺼내 든 아베 총리와 달리 정작 일본의 반도체 관련 기업들은 걱정이 많습니다. 한국과 사이가 나빠져.."
"293","댓글 많은(뉴스)","43","""日 부품 없이 힘들어""..세계시장 꽉 잡아도 '日 눈치'","SBS","그런데 시야를 조금 더 넓혀서 보면 우리 산업에서 반도체 말고도 일본 기업의 부품과 소재에 의존하는 분야는 더<U+00A0>많습니다. 특히 첨단 산업일수록 더욱 그런.."
"294","댓글 많은(뉴스)","44","이낙연에 밀렸다?..'잇단 논란' 황교안, 광폭 행보로 안간힘","YTN","자유한국당 황교안 대표가 차기 대선 주자 선호도에서 이낙연 국무총리에게 1위 자리를 내준 여론조사 결과가 나왔습니다.  잇단 논란으로 '황교안 리더십'이 한계에.."
"295","댓글 많은(뉴스)","45","韓 비자제한 고려에 ""日 노선 많은데..LCC 어쩌나""","머니투데이","""저가항공 죽는구나. 일본노선 많은데…(제주항공 종목토론방)"" 일본 정부가 반도체 소재 3개 품목의 대 한국 수출규제 조처에 이어 비자 발급 엄격화 등에 나설 수.."
"296","댓글 많은(뉴스)","46","하이패스 204차례 무단통과 운전자 죄목은 편의시설 부정이용죄","연합뉴스","하이패스 전용차로를 200차례 넘게 무단통과해 통행료를 내지 않은 혐의로 재판에 넘겨진 운전자가 1심에서는 무죄, 2심에서는 유죄를 선고받았다. 하이패스 무단통.."
"297","댓글 많은(뉴스)","47","[단독] 대소변 강요에 급소 폭행까지 ""월급 갈취 정황도""","KBS","동기 병사에게 저지른 군대 내 엽기적인 가혹행위, 어제(1일) 전해드렸죠. 보도가 나간 이후, 피해 병사의 가족이 KBS 취재진에게 연락을 해왔습니다. 알려진 .."
"298","댓글 많은(뉴스)","48","""일용잡급, 아줌마, 급식실 이모? 우리에게도 이름을 달라""","오마이뉴스","?????        ▲ <U+00A0>지난달 18일 오전 서울 중구 전국민주노동조합총연맹에서 열린 학교비정규직 파업찬반투표 결과발표 및 총파업선포 기자회견에서 박금자 전.."
"299","댓글 많은(뉴스)","49","文대통령 ""남북동질성 회복해 하나되는 데 기독교계 앞장서달라""","연합뉴스","문재인 대통령은 3일 한국교회 주요 교단장들을 향해 ""평화를 만들어 내고 남북간 동질성을 회복해 다시 하나가 되는 과정에 기독교계가 앞장서달라""라고 당부했다. .."
"300","댓글 많은(뉴스)","50","[단독] ""급한 불부터"" 민주당, 정개특위 위원장 맡기로 가닥","한국일보","선거법 내년 1월까지 처리해야… 사개특위보다 시급 국회 정치개혁특위 위원장과 사법개혁특위 위원장 사이에서 고민하던 더불어민주당이 정개특위 위원장을 맡는 쪽으로 가.."
"301","댓글 많은(연예)","1","석방된 박유천에 쏟아지는 비난","노컷뉴스","마약 투약 혐의로 재판에 넘겨진 가수 겸 배우 박유천(33)이 집행유예를 선고받고 2일 석방됐다. 박유천은 이날 오전 수원구치소를 나서면서 취재진을 향해 ""앞으로.."
"302","댓글 많은(연예)","2","이승환 악플러 고소 ""팬들 모욕 못참아..무관용원칙""","스타투데이","가수 이승환이 자신과 자신의 팬을 모욕한 악플러에 강경대응을 시사했다. 이승환 소속사 드림팩토리는 2일 공식 SNS 등을 통해 '이승환이 자신과 팬들의 명예를 .."
"303","댓글 많은(연예)","3","'아내의맛' 전라도 비하 자막 논란 사과 ""불편함 드려 죄송""","뉴스엔","‘아내의 맛’ 제작진이 전라도 비하 자막 논란에 사과했다. 7월 2일 방송된 TV CHOSUN ‘아내의 맛’에서는 지난달 25일 방송분 중 ‘전라디언’ 자막에 .."
"304","댓글 많은(연예)","4","'아내의맛' 함소원VS진화 부부싸움, 대륙스케일 소비→카메라 잊고 언성→눈물 [MD리뷰]","마이데일리","함소원-진화 부부가 서로를 이해하지 못한 채 언성을 높였다. 2일 방송된 TV CHOSUN '세상 어디에도 없는, 아내의 맛'에서는 함소원-진화 부부가 부부싸움.."
"305","댓글 많은(연예)","5","[단독]가수 박상민, 4억대 송사 휘말려..""원금 갚았으나 이자가.."" 반박","스포티비뉴스","가수 박상민이 4억원 대 송사에 휘말렸다. 3일 스포티비뉴스 취재에 따르면 박상민의 지인 조 모씨는 박상민을 상대로 송사를 벌이고 있다. 조씨는 자신의 땅을 담.."
"306","댓글 많은(연예)","6","'사람이 좋다' 임창정, 끼쟁이 아들 넷+18세 연하 아내 근황 공개[결정적장면]","뉴스엔","임창정의 아들들이 남다른 끼를 방출했다. 7월 2일 방송된 MBC ‘휴먼다큐 사람이 좋다'에서는 만능 엔터테이너이자 다둥이 아빠 임창정의 가족이 공개됐다. 다둥.."
"307","댓글 많은(연예)","7","이승환, 악플러 50명 고소 ""관용 베풀지 않을 것"" [공식]","일간스포츠","가수 이승환이 악플러 50명을 고소했다. 이승환의 법률대리인 법무법인 가로수 김용민 변호사는 2일 '고소인 이승환은 2019. 7. 2. 서울강동경찰서에 피고소.."
"308","댓글 많은(연예)","8","[단독] ""딸 연예인 시켜준다더니""..A씨, 박상민 사기혐의 고소-각서공개","스포츠조선","가수 박상민이 사기혐의로 피소 당했다. A씨는 박상민을 상대로 민형사상 고소를 진행 중이다. A씨는 10년 전 박상민이 딸을 연예인으로 만들어주겠다고 약속해 자.."
"309","댓글 많은(연예)","9","'유퀴즈2' 중국집 사장님 ""자기들 찾아오지 마세요"" 부탁한 사연→울컥[SS리뷰]","스포츠서울","'유 퀴즈 온 더 블럭'의 '마이웨이' 중국집 사장님이 웃음과 눈물을 동시에 선사했다. 2일 오후 방송된 tvN 예능프로그램 '유 퀴즈 온 더 블럭2'에서는 유재.."
"310","댓글 많은(연예)","10","[MD포토] 고소영 '나이를 무색하게 만드는 미모'","마이데일리","고소영이 3일 오후 펜디 오트 쿠튀르 쇼 참석 차 인천국제공항을 통해 이탈리아 로마로 출국하고 있다. - ⓒ마이데일리(). 무단전재&재배포 금지 -"
"311","댓글 많은(연예)","11","[인터뷰④] '구해줘2' 김영민 ""내년이면 50세..동안외모 콤플렉스였다""","스포츠조선","배우 김영민(47)이 앞으로의 계획에 대한 고민을 토로했다. 김영민은 2001년 영화 '수취인불명'으로 데뷔한 후 2018년 tvN '나의 아저씨'를 만나기 전.."
"312","댓글 많은(연예)","12","[SC리뷰]'아내의맛' ""당신과 말하고 싶지 않다"" 뛰쳐나간 진화..함소원 눈물→'현실부부'","스포츠조선","함소원 진화 부부가 리얼한 현실 부부의 모습으로 시청자들의 눈길을 끌었다. 이들은 2일 방송한 TV조선 '세상 어디에도 없는, 아내의 맛'(이하 아내의 맛)에서 .."
"313","댓글 많은(연예)","13","[단독] 서현진 전 아나 ""임신 5개월..늦은 나이 걱정됐는데 감사해""(인터뷰)","YTN","서현진 전 MBC 아나운서가 임신 소식을 전했다. 서현진은 3일 YTN Star에 ""현재 임신 19주차, 5개월에 접어들었다""라고 밝히며 ""2세의 성별은 아들이고.."
"314","댓글 많은(연예)","14","이승환, 악플러 50명 고소 ""팬들에게도 모욕적인 발언"" [공식입장 전문]","마이데일리","가수 이승환이 악플러들을 고소했다. 이승환의 소속사 드림팩토리클럽은 2일 공식 SNS에 이 같은 사실을 밝히며 고소장을 공개했다. 이승환의 법률대리인 법무법인 .."
"315","댓글 많은(연예)","15","'아침마당' 허미라 ""아들 못 낳아 이혼당해, 노래 부르며 돈 벌었다""","스포츠투데이","'아침마당' 허미라가 안타까운 사연을 고백했다. 3일 방송된 KBS1 '아침마당'의 '도전 꿈의 무대'코너에서는 현진 허미라 조기흠 최귀종 황선아가 출연해 무대.."
"316","댓글 많은(연예)","16","강남경찰서 측 ""이민우, 신고 취하 맞지만 성특법상 수사 계속..출석기일 미정""[공식]","OSEN","그룹 신화 멤버 이민우가 성추행 혐의로 입건된 가운데, 서울 강남경찰서 측이 관련 입장을 밝혔다.<U+00A0> 강남경찰서 측은 3일 OSEN에 ""이민우의 강제 추행 관련 .."
"317","댓글 많은(연예)","17","'지정생존자', 원작보다 훨씬 큰 몰입감 선사하는 이유","엔터미디어","남북관계, 콘트롤 타워...‘지정생존자’ 제대로 된 리메이크 [엔터미디어=정덕현] 이 드라마 리메이크 맞아? tvN 월화드라마 <60일, 지정생존자>는 이런 생각.."
"318","댓글 많은(연예)","18","박주호 아들 건후, 사랑스러운 '볼 빵빵'","스타투데이","축구선수 박주호의 아들 건후의 귀여운 일상이 공개됐다. 3일 박주호의 아내 안나는 인스타그램에 ""At our favorite place in town""(우리가 .."
"319","댓글 많은(연예)","19","[단독] 박상민 ""각서 속 인감, 잃어버린 도장..사기 당한 사람은 나""(인터뷰)","엑스포츠뉴스","가수 박상민이 4억대 민사 소송에 휘말린 것에 대해 직접 반박했다. 지난 2일, A씨는 박상민에게 사기를 당해 민사와 형사 고소를 진행 중이라고 다수 매체에 제.."
"320","댓글 많은(연예)","20","'골목식당' 포방터 돈가스집 깜짝 등장..특급 솔루션 진행","텐아시아","SBS ‘백종원의 골목식당’(이하 ‘골목식당’)에서 포방터 돈가스 집이 깜짝 출연한다. 3일 방송되는 ‘골목식당’에서는 지역경제 살리기 프로젝트 네 번째 지역인.."
"321","댓글 많은(연예)","21","[Y피플] '유퀴즈2', 이래서 아직도 유재석 유재석 하는가 봅니다","YTN","유재석이 빛나는 소통력으로 '국민MC'의 품격을 재입증 하고 있다. 최근 tvN '유 퀴즈 온 더 블럭 시즌2'(이하 '유퀴즈2')가 소소하지만 웃음과 감동이 있.."
"322","댓글 많은(연예)","22","[SC이슈] 신화 이민우, ""술자리 강제추행NO""→신고취하→경찰조사 계속(종합)","스포츠조선","신화 이민우가 데뷔 21년만에 첫 구설에 올랐다. 서울 강남경찰서에 따르면 이민우는 지난달 29일 서울 강남구 신사동의 한 주점에서 술을 먹다 옆 테이블에 앉아.."
"323","댓글 많은(연예)","23","유재석·조세호 '유 퀴즈 온 더 블럭2', 인기 상승세..최고 시청률 경신","TV리포트","방송인 유재석, 조세호가 출연 중인 ‘유 퀴즈 온 더 블럭’이 최고 시청률을 경신하며 상승세 인기를 증명했다. 지난 2일(화) 오후 11시 방송된 tvN ‘유 .."
"324","댓글 많은(연예)","24","한국영화 100년, 최고의 작품 '쉬리'","스포츠동아","1999년 2월 개봉한 영화 ‘쉬리’는 한국영화 제작시스템의 중요한 분수령이 된 작품으로 평가받고 있다. 사진은 영화의 한 장면. 사진제공｜강제규필름과감한 총격전.."
"325","댓글 많은(연예)","25","'씨네타운' 엄정화 ""46살 서핑 시작, 정재형 덕분에 용기냈다""","뉴스엔","엄정화가 서핑을 시작 이유를 밝혔다. 7월 3일 방송된 SBS 파워FM '박선영의 씨네타운'(이하 '씨네타운')에서 배우 겸 가수 엄정화는 정재형 덕분에 46살.."
"326","댓글 많은(연예)","26","'봉오동전투' 유해진 ""날 닮은 류준열, 많이 미안해""","스포츠조선","배우 유해진이 류준열을 향해 ""내 친척 닮았다""고 말했다. 3일 오전 서울 강남구 신사동 CGV압구정에서 전투 액션 영화 '봉오동 전투'(원신연 감독, 더블유픽.."
"327","댓글 많은(연예)","27","일본인들이 좋아하는 배우 1위 '심은경'","스포츠동아","연기자 심은경(오른쪽)이 영화 ‘신문기자’를 통해 일본 스크린에 데뷔했다. 사진은 영화의 한 장면. 사진출처｜영화 공식 사이트■ 日 영화전문 사이트 상영작·개봉 .."
"328","댓글 많은(연예)","28","'검블유', 민망하고 어이없지만 재미있는 삼각관계 치정극","엔터미디어","‘검블유’ 매력적인 임수정·이다희·전혜진, 그런데 장기용은 왜? [엔터미디어=듀나의 영화낙서판] tvN 드라마 (이하 )에서.."
"329","댓글 많은(연예)","29","'수미네 반찬' 안일권, 고정 멤버 합류..김수미와 케미 어떨까","엑스포츠뉴스","개그맨 안일권이 '수미네 반찬'에 고정 멤버 출연을 확정했다. 지난 29일 공개된 tvN '수미네 반찬' 예고편에서 노란 반짝이 옷을 입고 등장한 안일권은 김수.."
"330","댓글 많은(연예)","30","이승환 50명 고소..누리꾼 응원 ""단호하게 대응하세요""","MBN","가수 이승환이 악플러 50인을 고소한 가운데 누리꾼 반응이 화제다. 이승환 소속사 드림팩토리는 법률대리인 법무법인 가로수 김용민 변호사를 통해 악플러 50인을 고.."
"331","댓글 많은(연예)","31","""팬 모욕 못 참아""..이승환, 김반장 등 50명 고소","쿠키뉴스","가수 이승환이 ‘김반장’이라는 이름으로 잘 알려진 김선진씨 등 누리꾼 50명에 대해 고소장을 접수했다. 이승환 소속사 드림팩토리는 지난 2일 공식 SNS를 통해 .."
"332","댓글 많은(연예)","32","'라디오스타' 오세훈 ""헤딩골 도움 준 이강인, 생색냈다"" 비하인드 폭로","MBC연예","2019 U-20 월드컵 축구 국가대표 선수 오세훈이 ‘라디오스타’에 출연해 이강인의 생색을 폭로한다. 또한 함께 출연한 팀원들이 그를 ‘두 얼굴의 사나이’라고 .."
"333","댓글 많은(연예)","33","김신영, 48kg의 놀라운 각선미..요요없는 최강 다이어트짤 [★SNS]","enews24","김신영이 날씬한 각선미를 뽐냈다. 개그우먼 김신영은 2일 자신의 SNS에 ""정오의 희망곡 김신영입니다. 판벌려. 이번 판은 한복판. JBTC2, 릭오웬스, 휴가.."
"334","댓글 많은(연예)","34","BJ열매 2차 폭로 ""계속 거짓말"" VS 우창범 ""성관계 영상 합의"" [전문]","스포츠동아","[전문] BJ열매 2차 폭로 “계속 거짓말” VS 우창범 “성관계 영상 합의” 아프리카TV BJ열매와 그룹 백퍼센트 출신이자 현 버뮤다 멤버 우창범의 폭로전이 .."
"335","댓글 많은(연예)","35","[단독] '불청' 브루노 ""16년 만 한국, 나 잊은 줄 알았는데..연기 활동 꿈꿔"" (인터뷰)","TV리포트","'불청' 막내로 합류해 화제를 모으고 있는 브루노가 오랜만의 한국 컴백 소감과 연기 활동에 대한 포부를 밝혔다. 최근 브루노는 TV리포트에 ""너무 오랜만이라 한.."
"336","댓글 많은(연예)","36","[SC리뷰]""아이가 거꾸로 상태라""..'아내의맛' '정준호♥'이하정 끝내 눈물 이유","스포츠조선","배우 정준호 이하정 아나운서 부부가 둘째딸 축복이의 탄생을 전했다. 출산 준비를 위해 잠시 스튜디오를 떠났던 이들은 2일 방송한 TV조선 '세상 어디에도 없는, .."
"337","댓글 많은(연예)","37","""마흔에 엄마된다""..방송인 서현진, 결혼 2년만에 전한 2세 소식 [종합]","엑스포츠뉴스","미스코리아 출신의 방송인 서현진이 오는 11월에 엄마가 된다.<U+00A0> 지난달 28일 서현진은 자신의 인스타그램을 통해 임신 사실을 직접 고백했다.<U+00A0> ""기쁜 소식이 있.."
"338","댓글 많은(연예)","38","[단독]설인아, KBS 새 주말극 '사랑은 뷰티풀' 주연 발탁","뉴스엔","설인아가 KBS 새 주말극 타이틀롤을 맡을 전망이다. 7월3일 복수의 드라마 관계자에 따르면 배우 설인아는 최근 KBS 2TV 새 주말드라마 '사랑은 뷰티풀 인.."
"339","댓글 많은(연예)","39","""의정의 것"" '불청' 최민용♥이의정, 직접 확정한 '러브라인' [Oh!쎈 리뷰]","OSEN","이의정과 최민용이 서로에게 애정을 과시, 러브라인을 확정짓는 멘트가 눈길을 끌었다.<U+00A0> 2일 방송된 SBS 예능 '불타는 청춘' 여름특집으로 역대급 여름MT가 그.."
"340","댓글 많은(연예)","40","""실화, 진정성""..'봉오동 전투' 유해진X류준열X조우진, 뜨거운 항일전투 [종합]","마이데일리","'봉오동 전투' 유해진, 류준열, 조우진이 진정성으로 뭉쳤다. 3일 오전 서울 압구정CGV에서 열린 영화 '봉오동 전투' 제작보고회에는 유해진, 류준열, 조우진.."
"341","댓글 많은(연예)","41","신화 전진, 이민우 언급..""끝까지 믿어주고 응원해달라""","텐아시아","그룹 신화의 전진이 강제추행 혐의를 받고 있는 이민우를 언급하며 “끝까지 믿어주고 응원해달라”고 말했다. 전진은 3일 오후 네이버 V라이브를 열고 “예능프로그램.."
"342","댓글 많은(연예)","42","'알라딘2' 11일 개봉, 공주에 권태기 느끼는 알라딘 '충격'","서울신문","‘알라딘: 바그다드 스캔들’의 후속작 ‘알라딘2’가 7월 11일 국내 개봉을 확정하고 메인포스터를 공개했다. 3일 배급사 엔케이컨텐츠 측은 업그레이드 된 코믹함.."
"343","댓글 많은(연예)","43","'봄밤' 임현수 ""정해인 따라 FNC 배우로 데뷔""(인터뷰②)","스타뉴스","배우 임현수 / 사진=이동훈 기자 photoguy@ 배우 임현수(27)가 배우 한지민, 정해인과 데뷔작을 함께한 소감을 전했다. 임현수는 3일 서울 종로구 서린동.."
"344","댓글 많은(연예)","44","'두데' 청하 ""아이오아이 재결합 소식, 알고 있었지만 말할 순 없었다""","마이데일리","가수 청하가 그룹 아이오아이의 재결합에 대해 언급했다. 3일 오후 방송된 MBC FM4U '두시의 데이트 지석진입니다'에 가수 제아와 청하가 스페셜 게스트로 출.."
"345","댓글 많은(연예)","45","아오이 유우, 결혼하자마자 위기설?[룩@재팬]","TV리포트","지난달 결혼을 발표한 아오이 유우가 불화설에 휩싸였다. 런던 여행 때문이었다. 일본 닛칸스포츠는 3일, 아오이 유우의 남편인 개그맨 야마사토 료타는 전날 자신이.."
"346","댓글 많은(연예)","46","[단독] 우창범 ""BJ열매 법적대응..마크·정준영과 연락한 적 없다""","MBN","그룹 백퍼센트 출신 우창범이 BJ열매의 주장에 대해 허위사실 유포로 법적대응을 하겠다고 밝혔다. 우창범은 3일 오후 MBN스타에 “상대방(BJ열매)의 주장과 같이.."
"347","댓글 많은(연예)","47","'보이스3' 제작진이 직접 답한 궁금증..""엔딩, 시즌2부터 고민"" [일문일답]","엑스포츠뉴스","'보이스3' 제작진이 시청자의 궁금증을 해결했다. 지난 30일, OCN 토일드라마 '보이스3'가 뜨거운 화제 속에 막을 내렸다. 최종회는 케이블, IPTV, 위.."
"348","댓글 많은(스포츠)","1","[코파 리뷰] 브라질, '메시 침묵' 아르헨 2-0 완파..12년만 결승행","인터풋볼","신명기 기자= 브라질이 리오넬 메시가 침묵한 아르헨티나를 완파하고 코파 아메리카 결승전에 진출했다. 브라질은 3일 오전 9시 30분(한국시간) 브라질 벨루오리존.."
"349","댓글 많은(스포츠)","2","[단독인터뷰] ""마라도나도 막았는데, 차붐은 도저히.."" 차범근·슈마허, 분데스리가 최고 창과 방패 만나다","일간스포츠","""이 친구 손 좀 보세요. 저 크고 두꺼운 손에 당대 최고 골잡이들 슛이 다 막혔죠.(차범근)"" ""내가 마라도나한테도 골을 안 먹었는데, 차붐은 도저히 못 당.."
"350","댓글 많은(스포츠)","3","트럼프, 박세리에게 ""왜 미국 선수들이 한국 선수들보다 못하냐""","연합뉴스","'한국 골프의 선구자'인 박세리(42) 여자골프 대표팀 감독이 도널드 트럼프 미국 대통령과 만나 골프를 주제로 나눈 대화 내용을 소개했다. 박세리 감독은 3일 .."
"351","댓글 많은(스포츠)","4","27개가 11개로..충격에 가까운 김재환의 홈런 하락","일간스포츠","공인구 교체 여파일까. 두산 간판타자 김재환(31)의 홈런이 눈에 띄게 줄어들었다. 김재환은 개막 이후 6월까지 83경기에 출전해 타율 0.301(302타수 9.."
"352","댓글 많은(스포츠)","5","한화의 성급함과 KIA의 신중함, 리빌딩 정답은 있을까?","스포츠서울","KIA 3루수 박찬호가 26일 고척스카이돔에서 열린 2019프로야구 키움히어로즈와 KIA타이거즈의 주중 3연전 두번째 경기 9회말 2사 3루 키움 4번 임지열의 .."
"353","댓글 많은(스포츠)","6","日도 불만 ""로버츠 감독 교체, 마에다가 아니라고 말했는데..""","스포티비뉴스","마에다 겐타(31·LA 다저스)는 분명 건실한 투수다. LA 다저스에 있기에 5선발 취급을 받을 뿐이다. 2일(이하 한국시간) 현재 16경기에 선발로 나가 7승.."
"354","댓글 많은(스포츠)","7","'9회말 2사 후 뒤집기' LAD, 5연속 볼넷으로 끝내기 승리[현장 리뷰]","OSEN","로스앤젤레스(미 캘리포니아주), 조형래 기자] LA 다저스가 올스타 휴식기 전 마지막 홈 6연전 첫 경기를 짜릿한 끝내기로 장식했다. 다저스는 3일(이하 한국시간.."
"355","댓글 많은(스포츠)","8","모건 '차 마시기 세리머니'.. 英은 발끈 - 美는 통쾌","OSEN","알렉스 모건의 '차 마시기 세리머니'를 본 영국과 미국이 상반된 반응을 보이고 있다. 잉글랜드는 3일(한국시간) 프랑스 그루파마 스타디움에서 열린 2019 국제.."
"356","댓글 많은(스포츠)","9","박세리, 다시 잡는 골프채에 설레는 미소[포토엔HD]","뉴스엔","설해원 레전드 매치 기자회견이 7월3일 오전 서울시 중구 소공동 롯데호텔 서울 사파이어 볼룸에서 열렸다 이날 박세리가 인터뷰에 응하고 있다. 기자회견에는 박세리.."
"357","댓글 많은(스포츠)","10","류현진 아내 배지현 씨, 바블헤드 기념일 맞아 시구 [현장스케치]","MK스포츠","매경닷컴 MK스포츠(美 로스앤젤레스) 김재호 특파원 3일(이하 한국시간) 다저스타디움 마운드에서 훈훈한 '부부 상봉'이 이뤄졌다. LA다저스 좌완 선발 류현진의 .."
"358","댓글 많은(스포츠)","11","다정히 셀카 찍는 박연경-배지현 아나운서 [사진]","OSEN","로스앤젤레스(미 캘리포니아주), 이동해 기자] 3일 (한국시간) 미국 캘리포니아주 로스앤젤레스 다저 스타디움에서 2019 메이저리그 LA다저스와 애리조나 다이아몬.."
"359","댓글 많은(스포츠)","12","SON 넘은 나카지마, 포르투의 '159억 제안' 거절","스포탈코리아","이현민 기자= 포르투갈 명문 FC포르투가 일본 공격수 나카지마 쇼야(24, 알 두하일) 영입에 열을 올리고 있다. 나카지마는 지난 2월 포르투갈 프로티모넨세에서.."
"360","댓글 많은(스포츠)","13","최강희 감독과의 이별에 눈물 흘린 진셩","스포츠동아","최강희 감독(오른쪽)과의 이별의 아쉬움이 눈물 흘리는 진셩의 모습. 사진캡쳐 | 시나스포츠다롄 이팡의 수비수 진셩이 최강희 감독과의 이별에 아쉬움의 눈물을 흘렸다.."
"361","댓글 많은(스포츠)","14","[스포츠타임 시선]한화 속절없이 멀어져 가는 '13년 만의 신인왕'","스포티비뉴스","2일 잠실 LG-한화전에 앞서 만난 한화의 모 코치는 이런 말을 했다. ""신인을 키운다는 것이 얼마나 어려운 것인지 절실히 깨닫고 있다. 투수는 그나마 낫다. .."
"362","댓글 많은(스포츠)","15","""미안하다""는 오지환에 ""KBO 최고 유격수"" 엄지 세운 윌슨","마이데일리","LG의 '에이스' 타일러 윌슨(30)이 시즌 8승째를 수확했다. 지난 2일 잠실 한화전에 선발 등판, 7이닝 5피안타 2실점(1자책)으로 호투한 윌슨은 LG가 .."
"363","댓글 많은(스포츠)","16","'10세이브' 문경찬의 등장, KIA 마운드 최대의 미스터리","OSEN","KIA 타이거즈 젊은 소방수 문경찬(27)이 생애 첫 두 자릿 수 세이브에 성공했다.<U+00A0> 문경찬은 지난 2일 NC 다이노스와의 광주경기에서 5-2로 앞선 9회초 .."
"364","댓글 많은(스포츠)","17","""유소년에 금지약물 투여, 구속된 전 프로선수는 이여상""","엑스포츠뉴스","자신이 운영하는 유소년 야구교실에서 10대 선수들에게 금지약물을 투약한 혐의로 논란을 일으킨 전 프로야구 선수가 이여상으로 드러났다. 이여상은 약사법 위반 혐의.."
"365","댓글 많은(스포츠)","18","NC, 좌완 프리드릭 영입..버틀러·베탄코트 웨이버 신청 [오피셜]","OSEN","NC 다이노스가 새 외국인 투수, 크리스천 프리드릭을 영입한다. 어깨 부상으로 팀 전력에서 빠진 버틀러에 대해서는 한국야구위원회(KBO)에 3일 웨이버 공시를 .."
"366","댓글 많은(스포츠)","19","월드컵 사상 최악의 비극..FIFA, 에스코바르 사망 25주기 추모","스포츠서울","안드레스 에스코바르. 출처 | FIFA 월드컵 트위터    [스포츠서울 이지은기자] ‘삼가 고인의 명복을 빕니다(Rest in Peace.)’국제축구연맹(FIFA.."
"367","댓글 많은(스포츠)","20","김판곤 위원장 ""정정용 감독, 비주류 편견 씻었다..프로 가도 잘할 것""[단독인터뷰]","스포츠서울","김판곤 대한축구협회 국가대표전력강화위원장이 1일 서울 신문로 축구회관 집무실에서 포즈를 취하고 있다. 정다워기자    [스포츠서울 정다워기자]김판곤(50) 대한축.."
"368","댓글 많은(스포츠)","21","[단독] 최강희, 상하이선화서 키케 대체할 유력 후보로 부상","풋볼리스트","류청 기자= 최강희 감독이 바로 새 둥지를 찾을 가능성이 커졌다. 중국 상하이선화 구단 내부 소식에 능통한 복수 관계자는 ""3일 상하이선화 구단이 키케 플로레스.."
"369","댓글 많은(스포츠)","22","[K리그1 ISSUE] 선배들에게 한턱 쏜 조영욱, 박주영 반응은 ""막내형""","인터풋볼","정지훈 기자= 이쯤 되면 행복한 FC서울이다. U-20 월드컵에서 준우승을 차지하고 돌아온 FC서울의 `막내` 조영욱이 선배들에게 크게 한턱 쐈고, 이를 본 `.."
"370","댓글 많은(스포츠)","23","'3연패·2위 불안' 두산, 시즌 최대 위기 봉착","뉴스1","2위 싸움이 재밌어졌다. 두산 베어스의 부진 때문이다. 두산은 지난 2일 서울 고척스카이돔에서 열린 2019 신한은행 마이카 KBO리그 키움 히어로즈와 시즌 1.."
"371","댓글 많은(스포츠)","24","아르헨 감독도 폭발 ""수준 떨어지는 심판, 브라질 편만 들었어""","인터풋볼","윤효용 기자= 아르헨티나의 리오넬 스칼로니 감독이 브라질 전 패배 후 심판 판정 대한 불만을 드러냈다. 아르헨티나는 3일 오전 9시 30분(한국시간) 브라질 벨.."
"372","댓글 많은(스포츠)","25","[SC핫포커스]'멀티맨' KIA 이창진의 2루수 실험 속 숨겨진 의미는?","스포츠조선","KIA 타이거즈의 '멀티맨' 이창진(28)이 올 시즌 처음으로 내야 수비수로 중용됐다. 2루수였다. 박흥식 감독대행은 2일 NC 다이노스전에서 이창진을 2루수로.."
"373","댓글 많은(스포츠)","26","'승리 당한' LAD..로버츠도 황당했던 9회, ""홀랜드 답지 않았다"" [생생인터뷰]","OSEN","로스앤젤레스(미 캘리포니아주), 조형래 기자] LA 다저스가 승리를 ‘당했다’.<U+00A0> 다저스는 3일(이하 한국시간) 미국 캘리포니아주 로스앤젤레스 다저 스타디움에서 .."
"374","댓글 많은(스포츠)","27","""은퇴 안 한다"" 메시 ""도울 수 있다면 돕겠다""","스포티비뉴스","리오넬 메시(아르헨티나)가 고개를 숙였다. 아르헨티나는 3일 오전 9시 30분(이하 한국 시간) 브라질 벨루오지존치 미네이랑에서 열린 2019 코파 아메리카 준.."
"375","댓글 많은(스포츠)","28","""야구 관둬라"" 5연속 볼넷, 애리조나 팬들 '폭발'","스포티비뉴스","애리조나 마무리 투수 그렉 홀랜드는 4-3 승리까지 아웃카운트 하나를 남겨 뒀다. 9회 2사 후 크리스 테일러를 볼 카운트 0-2로 몰아갔다. 이젠 승리에 스트.."
"376","댓글 많은(스포츠)","29","[단독] KBO, 드래프트 대상자 도핑검사 적극 검토","MK스포츠","매경닷컴 MK스포츠 안준철 기자 전직 프로야구 선수가 자신이 운영하는 야구교실에서 직접 유소년 선수들에게 불법 약물을 투약하는 일이 벌어졌다. 이에 한국야구위원회.."
"377","댓글 많은(스포츠)","30","이대은의 소방수 배치, 이강철 감독의 신의 한수<U+00A0>","OSEN","이대은(KT)에게 뒷문 단속은 몸에 딱 맞는 옷과 같다. 지난해까지 소방수 역할을 맡았던 김재윤이 오른쪽 어깨 통증으로 전력에서 이탈한 가운데 이대은이 부상 공.."
"378","댓글 많은(스포츠)","31","14년-9번의 메이저대회서 같은 결말, 무관의 메시","스포츠조선","다른 장소, 같은 포즈다. 아르헨티나 유니폼을 입은 '국대 메시'가 또 다시 고개를 떨궜다. 3일(한국시간) 브라질 미네이랑 스타디움에서 열린 브라질과의 '코파 .."
"379","댓글 많은(스포츠)","32","""이런 일은 처음"" 다저스 선수들이 말하는 '5연속 볼넷 끝내기' [현장인터뷰]","MK스포츠","매경닷컴 MK스포츠(美 로스앤젤레스) 김재호 특파원 9회 한 점 차 뒤진 2사 2스트라이크에서 5연속 볼넷으로 경기를 끝냈다면 믿겠는가. 비디오 게임에서나 벌어질.."
"380","댓글 많은(스포츠)","33","[스포츠타임 톡] 오주원, ""고마운 박정음, 말릴 정도로 허슬플레이""","스포티비뉴스","키움 히어로즈 투수 오주원이 외야수 박정음에게 고마운 마음을 전했다. 박정음은 2일 고척스카이돔에서 열린 '2019 신한은행 MYCAR KBO리그' 두산 베어스.."
"381","댓글 많은(스포츠)","34","스타 심판 하워드 웹, EPL VAR 도입 우려 ..""지나친 개입은 안 돼""","스포티비뉴스","선수보다 유명한 심판 하워드 웹(잉글랜드)이 영상판독심판(VAR)에 비관적인 전망을 내놓았다. 잉글랜드 프리미어리그는 2019-20시즌부터 VAR을 도입한다. .."
"382","실시간 공감","1","김정은, 북미정상 판문점 만남 직후 文대통령에 ""고맙다"" 전해(종합)","연합뉴스","김정은 북한 국무위원장이 '6·30 판문점 남북미 회동' 당시 도널드 트럼프 미국 대통령과 군사분계선(MDL)을 넘어갔다가 남측으로 건너온 뒤 문재인 대통령에게 .."
"383","실시간 공감","2","극심한 가뭄에..이라크 저수지 아래 '고대 궁전' 유적지 발견","서울신문","이라크 북부 쿠르드족 자치구에 있는 한 저수지에서 약 3400년 된 궁전의 유적지가 발견됐다고 CNN 등 외신이 보도했다. 극심한 가뭄 탓에 저수지 수위가 낮아져.."
"384","실시간 공감","3","60년 구포 개시장, 뜬장 부서지던 날","한겨레","전국 3대 개시장이 있다. 성남 모란시장, 부산 구포시장, 대구 칠성시장. 그중 부산 구포 가축시장은 60년이 넘는 시간을 이어왔다. 호황일 때 구포가축시장엔 6.."
"385","실시간 공감","4","하이패스 204차례 무단통과 운전자 죄목은 편의시설 부정이용죄","연합뉴스","하이패스 전용차로를 200차례 넘게 무단통과해 통행료를 내지 않은 혐의로 재판에 넘겨진 운전자가 1심에서는 무죄, 2심에서는 유죄를 선고받았다. 하이패스 무단통과.."
"386","실시간 공감","5","고유정, 범행 장면 사진으로 남겼다..촬영 이유엔 묵묵부답","연합뉴스","'제주 전남편 살해 사건'의 피의자 고유정(36·구속)이 자신의 범행을 사진으로 남긴 것으로 확인됐다. 제주지검은 3일 오전 열린 기자간담회에서 고씨가 지난 5월.."
"387","실시간 공감","6","""文대통령 아들 특혜채용 수사자료 공개""판결 불복, 檢 상고","뉴스1","검찰이 문재인 대통령 아들 준용씨의 특혜채용 의혹과 관련해 개인정보를 제외한 수사자료는 공개해도 된다는 항소심 판결에 불복해 상고했다. 3일 법원에 따르면 검찰은.."
"388","실시간 공감","7","'아베 경제보복'에 애플·소니·화웨이가 긴장한 이유","머니투데이","아베 신조 일본 정부가 '징용 판결' 관련 한국에 반도체 핵심소재 수출을 제한하는 경제보복에 나서면서 세계 공급망이 충격을 받을 수 있다는 우려가 커지고 있다. .."
"389","실시간 공감","8","경찰, 오산 백골시신 공개수사..15∼17세 남성 추정","연합뉴스","경기도 오산의 한 야산에서 백골 상태의 시신이 발견된 사건을 수사 중인 경찰이 시신의 신원을 밝히고자 제보 전단을 제작해 배포했다. 3일 경기남부지방경찰청 광역수.."
"390","실시간 공감","9","양승태 구속만료 앞둔 검찰 ""추가기소 없어..진행 재판부 책임""","뉴스1","검찰이 다음 달 1차 구속기간이 만료되는 양승태 전 대법원장(71·사법연수원 2기)에 대해 ""현재 추가기소를 검토하고 있지는 않다""고 밝혔다. 검찰 관계자는 3일.."
"391","실시간 공감","10","""새벽 첫차 탔더니 버스기사에게 술 냄새""..면허취소 수준","뉴스1","경찰이 새벽 시간에 만취 상태로 버스를 운행한 운전기사를 적발했다. 또 해당 운수업체를 행정처분할 것을 서울시에 통보했다. 서울 강남경찰서는 만취 상태에서 서울 .."
"392","실시간 공감","11","박용만 ""일본의 치밀한 보복작전에 우리는 서로 비난하기 바빠""","연합뉴스","박용만 대한상공회의소 회장이 3일 최근 미중 통상전쟁과 일본의 반도체·디스플레이 소재 수출규제 등과 관련, 정부와 정치권을 겨냥해 '쓴소리'를 내놨다. 박 회장은.."
"393","실시간 공감","12","세상 가장 유명한 늑대의 죽음","한겨레21","야생 복원의 모범 사례가 된 옐로스톤, 하지만 간과한 게 있었으니… 모든 것의 시작은 ‘늑대 사냥 열풍’에서 비롯했다. 19세기 말부터 20세기 초반까지 북아메리.."
"394","실시간 공감","13","文대통령 ""남북동질성 회복해 하나되는 데 기독교계 앞장서달라""","연합뉴스","문재인 대통령은 3일 한국교회 주요 교단장들을 향해 ""평화를 만들어 내고 남북간 동질성을 회복해 다시 하나가 되는 과정에 기독교계가 앞장서달라""라고 당부했다. 문.."
"395","실시간 공감","14","정부 ""北목선사건, 경계실패""..합참의장 경고·8군단장 보직해임(종합)","연합뉴스","정부는 북한 소형목선의 '삼척항 입항' 사건 관련, 관련 군부대들의 경계근무태세 등에서 문제점이 발견됐다고 밝혔다. 이와 관련, 국방부는 박한기 합참의장 등에 대.."
"396","실시간 공감","15","당정청 ""반도체 소재·부품·장비 개발에 매년 1조원 집중투자""(종합2보)","연합뉴스","日 수출규제 관련 반도체 경쟁력 강화 대책 이달 중 발표·R&D 투자 확대 공감대 하반기 경제정책방향 '경제활력 보강'에 방점…GTX-B 예타 9월 내 조기 완료.."
"397","실시간 공감","16","김정은, 북미정상 판문점 만남 직후 文대통령에 ""고맙다"" 전해","연합뉴스","김정은 북한 국무위원장이 '6·30 판문점 남북미 회동' 당시 도널드 트럼프 미국 대통령과 군사분계선(MDL)을 넘어갔다가 남측으로 건너온 뒤 문재인 대통령에게 .."
"398","실시간 공감","17","[단독] 고유정, 물티슈 뒷면에 '졸피뎀 라벨' 숨겨둬..경찰은 놓쳤다","국민일보","‘제주 전 남편 살인 사건’ 피의자 고유정(36)이 범행을 위해 구입한 뒤 숨겨둔 것으로 추정되는 졸피뎀 처방전 라벨이 뒤늦게 발견됐다. 경찰은 고유정이 현 남편.."
"399","실시간 공감","18","한일관계 브레이크 걸렸지만..일본차 판매량은 '급가속'","중앙일보","━한국 시장에서 독야청청 잘 팔리는 일본차 일본의 반도체 핵심 소재 수출 제한으로 한일관계가 급랭하는 상황에서 국내 소비자가 지난달 일본차 구매를 크게 늘린 것으.."
"400","실시간 공감","19","靑 ""트럼프, 文에 '선 넘어가도 되나요?' 질문..마음먹고 넘은 듯""","뉴시스","도널드 트럼프 미국 대통령은 지난달 30일 판문점 북미 정상회동 당시 군사분계선(MDL)을 넘기 직전까지 백악관 어느 누구와도 의논하지 않았다고 청와대가 3일 전.."
"401","실시간 공감","20","민주당, 정개특위로 내부결론..""정개특위해야 사법개혁도 가능""","뉴스1","선거제도 개혁을 위한 국회 정치개혁특별위원회는 더불어민주당이 위원장을 맡을 전망이다. 3일 정개특위 소속 복수의 의원들에 따르면, 이인영 원내대표 등 민주당 지도.."
